[{"model": "sessions.session", "pk": "02cpwf04fvwqwzj33dm1ecv77190mzw3", "fields": {"session_data": "NjAzOGE0MDcyMTg2NjZkZDk0NTlkOWExMGMyZWFlOGZiOTBmMzlkNTp7fQ==", "expire_date": "2021-05-03T22:02:41.186Z"}}, {"model": "sessions.session", "pk": "02vg2k41x9busdx7antbmhzguxruzog7", "fields": {"session_data": "NDAwZTRlZDZlY2ZjYTZjMGMxOTQwM2Q2NTA1ZmNmMjljNzhiNTljOTp7Il9hdXRoX3VzZXJfaWQiOiI3IiwiX2F1dGhfdXNlcl9iYWNrZW5kIjoiZGphbmdvLmNvbnRyaWIuYXV0aC5iYWNrZW5kcy5Nb2RlbEJhY2tlbmQiLCJfYXV0aF91c2VyX2hhc2giOiJlYWUzYWUxNTQyODFkZTJkNjY4YTNiZjNlNjNlNTg2NzBhNWEwY2QwIn0=", "expire_date": "2021-05-04T07:56:48.634Z"}}, {"model": "sessions.session", "pk": "07zv1p05s9s11thn0zd2q2ybijotnoxl", "fields": {"session_data": "NjAzOGE0MDcyMTg2NjZkZDk0NTlkOWExMGMyZWFlOGZiOTBmMzlkNTp7fQ==", "expire_date": "2021-05-03T22:06:41.404Z"}}, {"model": "sessions.session", "pk": "08d2xnyri2paabuw74y5jqg1r3j04kjs", "fields": {"session_data": "NjAzOGE0MDcyMTg2NjZkZDk0NTlkOWExMGMyZWFlOGZiOTBmMzlkNTp7fQ==", "expire_date": "2021-05-03T22:01:06.208Z"}}, {"model": "sessions.session", "pk": "0xy47wydec8gw7f74i1ps7x45swmqucc", "fields": {"session_data": "NDAwZTRlZDZlY2ZjYTZjMGMxOTQwM2Q2NTA1ZmNmMjljNzhiNTljOTp7Il9hdXRoX3VzZXJfaWQiOiI3IiwiX2F1dGhfdXNlcl9iYWNrZW5kIjoiZGphbmdvLmNvbnRyaWIuYXV0aC5iYWNrZW5kcy5Nb2RlbEJhY2tlbmQiLCJfYXV0aF91c2VyX2hhc2giOiJlYWUzYWUxNTQyODFkZTJkNjY4YTNiZjNlNjNlNTg2NzBhNWEwY2QwIn0=", "expire_date": "2021-05-04T07:56:36.380Z"}}, {"model": "sessions.session", "pk": "11lgijp57k5bug4zvzkqbxnpydcntzup", "fields": {"session_data": "NDAwZTRlZDZlY2ZjYTZjMGMxOTQwM2Q2NTA1ZmNmMjljNzhiNTljOTp7Il9hdXRoX3VzZXJfaWQiOiI3IiwiX2F1dGhfdXNlcl9iYWNrZW5kIjoiZGphbmdvLmNvbnRyaWIuYXV0aC5iYWNrZW5kcy5Nb2RlbEJhY2tlbmQiLCJfYXV0aF91c2VyX2hhc2giOiJlYWUzYWUxNTQyODFkZTJkNjY4YTNiZjNlNjNlNTg2NzBhNWEwY2QwIn0=", "expire_date": "2021-05-03T22:13:33.029Z"}}, {"model": "sessions.session", "pk": "14hlajgzqvpajvcxjsgyq39wl23yug8c", "fields": {"session_data": "NDAwZTRlZDZlY2ZjYTZjMGMxOTQwM2Q2NTA1ZmNmMjljNzhiNTljOTp7Il9hdXRoX3VzZXJfaWQiOiI3IiwiX2F1dGhfdXNlcl9iYWNrZW5kIjoiZGphbmdvLmNvbnRyaWIuYXV0aC5iYWNrZW5kcy5Nb2RlbEJhY2tlbmQiLCJfYXV0aF91c2VyX2hhc2giOiJlYWUzYWUxNTQyODFkZTJkNjY4YTNiZjNlNjNlNTg2NzBhNWEwY2QwIn0=", "expire_date": "2021-05-04T07:56:48.970Z"}}, {"model": "sessions.session", "pk": "16bzo69b00yhf9czh0rvmrarddjrp1bc", "fields": {"session_data": "NDAwZTRlZDZlY2ZjYTZjMGMxOTQwM2Q2NTA1ZmNmMjljNzhiNTljOTp7Il9hdXRoX3VzZXJfaWQiOiI3IiwiX2F1dGhfdXNlcl9iYWNrZW5kIjoiZGphbmdvLmNvbnRyaWIuYXV0aC5iYWNrZW5kcy5Nb2RlbEJhY2tlbmQiLCJfYXV0aF91c2VyX2hhc2giOiJlYWUzYWUxNTQyODFkZTJkNjY4YTNiZjNlNjNlNTg2NzBhNWEwY2QwIn0=", "expire_date": "2021-05-03T22:02:46.261Z"}}, {"model": "sessions.session", "pk": "1783i8qqdus5nytne4prn51il9yz45vw", "fields": {"session_data": "NDAwZTRlZDZlY2ZjYTZjMGMxOTQwM2Q2NTA1ZmNmMjljNzhiNTljOTp7Il9hdXRoX3VzZXJfaWQiOiI3IiwiX2F1dGhfdXNlcl9iYWNrZW5kIjoiZGphbmdvLmNvbnRyaWIuYXV0aC5iYWNrZW5kcy5Nb2RlbEJhY2tlbmQiLCJfYXV0aF91c2VyX2hhc2giOiJlYWUzYWUxNTQyODFkZTJkNjY4YTNiZjNlNjNlNTg2NzBhNWEwY2QwIn0=", "expire_date": "2021-05-03T22:13:21.888Z"}}, {"model": "sessions.session", "pk": "1d01x9fqg77nx8bp2vgjazdqk2z36sm1", "fields": {"session_data": "NDAwZTRlZDZlY2ZjYTZjMGMxOTQwM2Q2NTA1ZmNmMjljNzhiNTljOTp7Il9hdXRoX3VzZXJfaWQiOiI3IiwiX2F1dGhfdXNlcl9iYWNrZW5kIjoiZGphbmdvLmNvbnRyaWIuYXV0aC5iYWNrZW5kcy5Nb2RlbEJhY2tlbmQiLCJfYXV0aF91c2VyX2hhc2giOiJlYWUzYWUxNTQyODFkZTJkNjY4YTNiZjNlNjNlNTg2NzBhNWEwY2QwIn0=", "expire_date": "2021-05-04T07:56:36.016Z"}}, {"model": "sessions.session", "pk": "1i0o8lxg4ns59to2i6t00jtabv6im1y4", "fields": {"session_data": "NjAzOGE0MDcyMTg2NjZkZDk0NTlkOWExMGMyZWFlOGZiOTBmMzlkNTp7fQ==", "expire_date": "2021-05-03T22:01:06.345Z"}}, {"model": "sessions.session", "pk": "1stnrg4711lt0gx19d1gz9hwijt0nd87", "fields": {"session_data": "NDAwZTRlZDZlY2ZjYTZjMGMxOTQwM2Q2NTA1ZmNmMjljNzhiNTljOTp7Il9hdXRoX3VzZXJfaWQiOiI3IiwiX2F1dGhfdXNlcl9iYWNrZW5kIjoiZGphbmdvLmNvbnRyaWIuYXV0aC5iYWNrZW5kcy5Nb2RlbEJhY2tlbmQiLCJfYXV0aF91c2VyX2hhc2giOiJlYWUzYWUxNTQyODFkZTJkNjY4YTNiZjNlNjNlNTg2NzBhNWEwY2QwIn0=", "expire_date": "2021-05-04T07:56:49.546Z"}}, {"model": "sessions.session", "pk": "1y5shr0e5oiqe6dexvddtpsn8hco291m", "fields": {"session_data": "NjAzOGE0MDcyMTg2NjZkZDk0NTlkOWExMGMyZWFlOGZiOTBmMzlkNTp7fQ==", "expire_date": "2021-05-03T22:02:43.017Z"}}, {"model": "sessions.session", "pk": "2jqlvx6u8fmw8kl35j0ne2kntc21u3ya", "fields": {"session_data": "NjAzOGE0MDcyMTg2NjZkZDk0NTlkOWExMGMyZWFlOGZiOTBmMzlkNTp7fQ==", "expire_date": "2021-05-03T22:04:17.418Z"}}, {"model": "sessions.session", "pk": "2nio8vt0e6vbfl5a4vipm03i8j6xjgfo", "fields": {"session_data": "NjAzOGE0MDcyMTg2NjZkZDk0NTlkOWExMGMyZWFlOGZiOTBmMzlkNTp7fQ==", "expire_date": "2021-05-03T22:06:37.806Z"}}, {"model": "sessions.session", "pk": "366b9ibtcxmuwlmo7to2rdqw9vdaiei8", "fields": {"session_data": "NDAwZTRlZDZlY2ZjYTZjMGMxOTQwM2Q2NTA1ZmNmMjljNzhiNTljOTp7Il9hdXRoX3VzZXJfaWQiOiI3IiwiX2F1dGhfdXNlcl9iYWNrZW5kIjoiZGphbmdvLmNvbnRyaWIuYXV0aC5iYWNrZW5kcy5Nb2RlbEJhY2tlbmQiLCJfYXV0aF91c2VyX2hhc2giOiJlYWUzYWUxNTQyODFkZTJkNjY4YTNiZjNlNjNlNTg2NzBhNWEwY2QwIn0=", "expire_date": "2021-05-04T07:56:48.007Z"}}, {"model": "sessions.session", "pk": "3cx3vn0m0f80owz94uhhizv12gxgtn1u", "fields": {"session_data": "NDAwZTRlZDZlY2ZjYTZjMGMxOTQwM2Q2NTA1ZmNmMjljNzhiNTljOTp7Il9hdXRoX3VzZXJfaWQiOiI3IiwiX2F1dGhfdXNlcl9iYWNrZW5kIjoiZGphbmdvLmNvbnRyaWIuYXV0aC5iYWNrZW5kcy5Nb2RlbEJhY2tlbmQiLCJfYXV0aF91c2VyX2hhc2giOiJlYWUzYWUxNTQyODFkZTJkNjY4YTNiZjNlNjNlNTg2NzBhNWEwY2QwIn0=", "expire_date": "2021-05-03T22:14:50.262Z"}}, {"model": "sessions.session", "pk": "3k2244xk5vm7wqov94pd95jy1hwqw2t7", "fields": {"session_data": "NDAwZTRlZDZlY2ZjYTZjMGMxOTQwM2Q2NTA1ZmNmMjljNzhiNTljOTp7Il9hdXRoX3VzZXJfaWQiOiI3IiwiX2F1dGhfdXNlcl9iYWNrZW5kIjoiZGphbmdvLmNvbnRyaWIuYXV0aC5iYWNrZW5kcy5Nb2RlbEJhY2tlbmQiLCJfYXV0aF91c2VyX2hhc2giOiJlYWUzYWUxNTQyODFkZTJkNjY4YTNiZjNlNjNlNTg2NzBhNWEwY2QwIn0=", "expire_date": "2021-05-04T07:56:42.180Z"}}, {"model": "sessions.session", "pk": "3z4vrrhgd06v4m1lr96tx81mlf0dmymv", "fields": {"session_data": "NjAzOGE0MDcyMTg2NjZkZDk0NTlkOWExMGMyZWFlOGZiOTBmMzlkNTp7fQ==", "expire_date": "2021-05-03T22:04:08.414Z"}}, {"model": "sessions.session", "pk": "451rwz8vcoffdcw5bjgxczbxozf1d7ip", "fields": {"session_data": "NDAwZTRlZDZlY2ZjYTZjMGMxOTQwM2Q2NTA1ZmNmMjljNzhiNTljOTp7Il9hdXRoX3VzZXJfaWQiOiI3IiwiX2F1dGhfdXNlcl9iYWNrZW5kIjoiZGphbmdvLmNvbnRyaWIuYXV0aC5iYWNrZW5kcy5Nb2RlbEJhY2tlbmQiLCJfYXV0aF91c2VyX2hhc2giOiJlYWUzYWUxNTQyODFkZTJkNjY4YTNiZjNlNjNlNTg2NzBhNWEwY2QwIn0=", "expire_date": "2021-05-04T07:56:52.718Z"}}, {"model": "sessions.session", "pk": "4enjpvag4hg359guy859cr494v4edd2r", "fields": {"session_data": "NjAzOGE0MDcyMTg2NjZkZDk0NTlkOWExMGMyZWFlOGZiOTBmMzlkNTp7fQ==", "expire_date": "2021-05-03T22:04:08.305Z"}}, {"model": "sessions.session", "pk": "4pucnugxvcxwi6ny3ec0axgpebct04qk", "fields": {"session_data": "NjAzOGE0MDcyMTg2NjZkZDk0NTlkOWExMGMyZWFlOGZiOTBmMzlkNTp7fQ==", "expire_date": "2021-05-03T22:02:41.341Z"}}, {"model": "sessions.session", "pk": "53jqiq28h6y7djujyt9fwq3dk9y0xc7u", "fields": {"session_data": "NDAwZTRlZDZlY2ZjYTZjMGMxOTQwM2Q2NTA1ZmNmMjljNzhiNTljOTp7Il9hdXRoX3VzZXJfaWQiOiI3IiwiX2F1dGhfdXNlcl9iYWNrZW5kIjoiZGphbmdvLmNvbnRyaWIuYXV0aC5iYWNrZW5kcy5Nb2RlbEJhY2tlbmQiLCJfYXV0aF91c2VyX2hhc2giOiJlYWUzYWUxNTQyODFkZTJkNjY4YTNiZjNlNjNlNTg2NzBhNWEwY2QwIn0=", "expire_date": "2021-05-03T22:13:37.814Z"}}, {"model": "sessions.session", "pk": "5c62lhj6dgna5s1ey6q995l5qzx2aj5k", "fields": {"session_data": "NDAwZTRlZDZlY2ZjYTZjMGMxOTQwM2Q2NTA1ZmNmMjljNzhiNTljOTp7Il9hdXRoX3VzZXJfaWQiOiI3IiwiX2F1dGhfdXNlcl9iYWNrZW5kIjoiZGphbmdvLmNvbnRyaWIuYXV0aC5iYWNrZW5kcy5Nb2RlbEJhY2tlbmQiLCJfYXV0aF91c2VyX2hhc2giOiJlYWUzYWUxNTQyODFkZTJkNjY4YTNiZjNlNjNlNTg2NzBhNWEwY2QwIn0=", "expire_date": "2021-05-03T22:14:26.402Z"}}, {"model": "sessions.session", "pk": "5chvuyn0w8pbkn049k4xd1re85dhwqse", "fields": {"session_data": "NDAwZTRlZDZlY2ZjYTZjMGMxOTQwM2Q2NTA1ZmNmMjljNzhiNTljOTp7Il9hdXRoX3VzZXJfaWQiOiI3IiwiX2F1dGhfdXNlcl9iYWNrZW5kIjoiZGphbmdvLmNvbnRyaWIuYXV0aC5iYWNrZW5kcy5Nb2RlbEJhY2tlbmQiLCJfYXV0aF91c2VyX2hhc2giOiJlYWUzYWUxNTQyODFkZTJkNjY4YTNiZjNlNjNlNTg2NzBhNWEwY2QwIn0=", "expire_date": "2021-05-04T07:56:43.137Z"}}, {"model": "sessions.session", "pk": "5kodj82aicntwxb2c74zc8dl55b4lytq", "fields": {"session_data": "NjAzOGE0MDcyMTg2NjZkZDk0NTlkOWExMGMyZWFlOGZiOTBmMzlkNTp7fQ==", "expire_date": "2021-05-03T22:01:06.460Z"}}, {"model": "sessions.session", "pk": "60eys484k9lk5grei78dthe9whc4kxi0", "fields": {"session_data": "NDAwZTRlZDZlY2ZjYTZjMGMxOTQwM2Q2NTA1ZmNmMjljNzhiNTljOTp7Il9hdXRoX3VzZXJfaWQiOiI3IiwiX2F1dGhfdXNlcl9iYWNrZW5kIjoiZGphbmdvLmNvbnRyaWIuYXV0aC5iYWNrZW5kcy5Nb2RlbEJhY2tlbmQiLCJfYXV0aF91c2VyX2hhc2giOiJlYWUzYWUxNTQyODFkZTJkNjY4YTNiZjNlNjNlNTg2NzBhNWEwY2QwIn0=", "expire_date": "2021-05-03T22:09:04.309Z"}}, {"model": "sessions.session", "pk": "61ist1216m55emejsseosxg5nk1natl4", "fields": {"session_data": "NDAwZTRlZDZlY2ZjYTZjMGMxOTQwM2Q2NTA1ZmNmMjljNzhiNTljOTp7Il9hdXRoX3VzZXJfaWQiOiI3IiwiX2F1dGhfdXNlcl9iYWNrZW5kIjoiZGphbmdvLmNvbnRyaWIuYXV0aC5iYWNrZW5kcy5Nb2RlbEJhY2tlbmQiLCJfYXV0aF91c2VyX2hhc2giOiJlYWUzYWUxNTQyODFkZTJkNjY4YTNiZjNlNjNlNTg2NzBhNWEwY2QwIn0=", "expire_date": "2021-05-04T07:56:33.284Z"}}, {"model": "sessions.session", "pk": "6emybdvjdg1ssy5hz2tsnnouastvfmcr", "fields": {"session_data": "NDAwZTRlZDZlY2ZjYTZjMGMxOTQwM2Q2NTA1ZmNmMjljNzhiNTljOTp7Il9hdXRoX3VzZXJfaWQiOiI3IiwiX2F1dGhfdXNlcl9iYWNrZW5kIjoiZGphbmdvLmNvbnRyaWIuYXV0aC5iYWNrZW5kcy5Nb2RlbEJhY2tlbmQiLCJfYXV0aF91c2VyX2hhc2giOiJlYWUzYWUxNTQyODFkZTJkNjY4YTNiZjNlNjNlNTg2NzBhNWEwY2QwIn0=", "expire_date": "2021-05-03T22:09:03.567Z"}}, {"model": "sessions.session", "pk": "6hil9yy5onwcl714swslpu6ett90hjdw", "fields": {"session_data": "NjAzOGE0MDcyMTg2NjZkZDk0NTlkOWExMGMyZWFlOGZiOTBmMzlkNTp7fQ==", "expire_date": "2021-05-03T22:01:10.847Z"}}, {"model": "sessions.session", "pk": "6kfv88k52qi63g2uemetstjpcl3n6a3m", "fields": {"session_data": "NDAwZTRlZDZlY2ZjYTZjMGMxOTQwM2Q2NTA1ZmNmMjljNzhiNTljOTp7Il9hdXRoX3VzZXJfaWQiOiI3IiwiX2F1dGhfdXNlcl9iYWNrZW5kIjoiZGphbmdvLmNvbnRyaWIuYXV0aC5iYWNrZW5kcy5Nb2RlbEJhY2tlbmQiLCJfYXV0aF91c2VyX2hhc2giOiJlYWUzYWUxNTQyODFkZTJkNjY4YTNiZjNlNjNlNTg2NzBhNWEwY2QwIn0=", "expire_date": "2021-05-04T07:56:50.755Z"}}, {"model": "sessions.session", "pk": "76qhzafqazdczg7lt853l5en1jw9ji1r", "fields": {"session_data": "NDAwZTRlZDZlY2ZjYTZjMGMxOTQwM2Q2NTA1ZmNmMjljNzhiNTljOTp7Il9hdXRoX3VzZXJfaWQiOiI3IiwiX2F1dGhfdXNlcl9iYWNrZW5kIjoiZGphbmdvLmNvbnRyaWIuYXV0aC5iYWNrZW5kcy5Nb2RlbEJhY2tlbmQiLCJfYXV0aF91c2VyX2hhc2giOiJlYWUzYWUxNTQyODFkZTJkNjY4YTNiZjNlNjNlNTg2NzBhNWEwY2QwIn0=", "expire_date": "2021-05-04T07:56:35.931Z"}}, {"model": "sessions.session", "pk": "7hz7pyshu4e47dj65mtkcihmude3d8bs", "fields": {"session_data": "NjAzOGE0MDcyMTg2NjZkZDk0NTlkOWExMGMyZWFlOGZiOTBmMzlkNTp7fQ==", "expire_date": "2021-05-03T22:06:49.356Z"}}, {"model": "sessions.session", "pk": "7jsmuu3hksrgyj7wg0y2ac77wjgj882o", "fields": {"session_data": "NjAzOGE0MDcyMTg2NjZkZDk0NTlkOWExMGMyZWFlOGZiOTBmMzlkNTp7fQ==", "expire_date": "2021-05-03T22:02:43.037Z"}}, {"model": "sessions.session", "pk": "7sf3vskybjzz6r6o6wv8kjrie7dhtibu", "fields": {"session_data": "NjAzOGE0MDcyMTg2NjZkZDk0NTlkOWExMGMyZWFlOGZiOTBmMzlkNTp7fQ==", "expire_date": "2021-05-03T22:06:49.782Z"}}, {"model": "sessions.session", "pk": "7u9e0anhev90jowlk77dgyg2k69pcmls", "fields": {"session_data": "NDAwZTRlZDZlY2ZjYTZjMGMxOTQwM2Q2NTA1ZmNmMjljNzhiNTljOTp7Il9hdXRoX3VzZXJfaWQiOiI3IiwiX2F1dGhfdXNlcl9iYWNrZW5kIjoiZGphbmdvLmNvbnRyaWIuYXV0aC5iYWNrZW5kcy5Nb2RlbEJhY2tlbmQiLCJfYXV0aF91c2VyX2hhc2giOiJlYWUzYWUxNTQyODFkZTJkNjY4YTNiZjNlNjNlNTg2NzBhNWEwY2QwIn0=", "expire_date": "2021-05-04T07:56:43.308Z"}}, {"model": "sessions.session", "pk": "8k8ci94wz91fsplnzoeg98rar06rbzfh", "fields": {"session_data": "NDAwZTRlZDZlY2ZjYTZjMGMxOTQwM2Q2NTA1ZmNmMjljNzhiNTljOTp7Il9hdXRoX3VzZXJfaWQiOiI3IiwiX2F1dGhfdXNlcl9iYWNrZW5kIjoiZGphbmdvLmNvbnRyaWIuYXV0aC5iYWNrZW5kcy5Nb2RlbEJhY2tlbmQiLCJfYXV0aF91c2VyX2hhc2giOiJlYWUzYWUxNTQyODFkZTJkNjY4YTNiZjNlNjNlNTg2NzBhNWEwY2QwIn0=", "expire_date": "2021-05-04T07:56:24.287Z"}}, {"model": "sessions.session", "pk": "8rcu4aamgtjwk054yyqq8j8wc85cfxt7", "fields": {"session_data": "NDAwZTRlZDZlY2ZjYTZjMGMxOTQwM2Q2NTA1ZmNmMjljNzhiNTljOTp7Il9hdXRoX3VzZXJfaWQiOiI3IiwiX2F1dGhfdXNlcl9iYWNrZW5kIjoiZGphbmdvLmNvbnRyaWIuYXV0aC5iYWNrZW5kcy5Nb2RlbEJhY2tlbmQiLCJfYXV0aF91c2VyX2hhc2giOiJlYWUzYWUxNTQyODFkZTJkNjY4YTNiZjNlNjNlNTg2NzBhNWEwY2QwIn0=", "expire_date": "2021-05-03T22:06:56.001Z"}}, {"model": "sessions.session", "pk": "9wnvgj8x9sdk8nj1cgj9o3grde7r2op4", "fields": {"session_data": "NjAzOGE0MDcyMTg2NjZkZDk0NTlkOWExMGMyZWFlOGZiOTBmMzlkNTp7fQ==", "expire_date": "2021-05-03T22:02:43.019Z"}}, {"model": "sessions.session", "pk": "ajsgb2yduhfj9ue3ywto3agrjtqs96zz", "fields": {"session_data": "NDAwZTRlZDZlY2ZjYTZjMGMxOTQwM2Q2NTA1ZmNmMjljNzhiNTljOTp7Il9hdXRoX3VzZXJfaWQiOiI3IiwiX2F1dGhfdXNlcl9iYWNrZW5kIjoiZGphbmdvLmNvbnRyaWIuYXV0aC5iYWNrZW5kcy5Nb2RlbEJhY2tlbmQiLCJfYXV0aF91c2VyX2hhc2giOiJlYWUzYWUxNTQyODFkZTJkNjY4YTNiZjNlNjNlNTg2NzBhNWEwY2QwIn0=", "expire_date": "2021-05-04T07:56:42.727Z"}}, {"model": "sessions.session", "pk": "altwgbbp8catu2e57fmli1un941pn81a", "fields": {"session_data": "NDAwZTRlZDZlY2ZjYTZjMGMxOTQwM2Q2NTA1ZmNmMjljNzhiNTljOTp7Il9hdXRoX3VzZXJfaWQiOiI3IiwiX2F1dGhfdXNlcl9iYWNrZW5kIjoiZGphbmdvLmNvbnRyaWIuYXV0aC5iYWNrZW5kcy5Nb2RlbEJhY2tlbmQiLCJfYXV0aF91c2VyX2hhc2giOiJlYWUzYWUxNTQyODFkZTJkNjY4YTNiZjNlNjNlNTg2NzBhNWEwY2QwIn0=", "expire_date": "2021-05-04T07:56:40.624Z"}}, {"model": "sessions.session", "pk": "awhhckbpk59wxr283kbb2iwxf08xrg2b", "fields": {"session_data": "NDAwZTRlZDZlY2ZjYTZjMGMxOTQwM2Q2NTA1ZmNmMjljNzhiNTljOTp7Il9hdXRoX3VzZXJfaWQiOiI3IiwiX2F1dGhfdXNlcl9iYWNrZW5kIjoiZGphbmdvLmNvbnRyaWIuYXV0aC5iYWNrZW5kcy5Nb2RlbEJhY2tlbmQiLCJfYXV0aF91c2VyX2hhc2giOiJlYWUzYWUxNTQyODFkZTJkNjY4YTNiZjNlNjNlNTg2NzBhNWEwY2QwIn0=", "expire_date": "2021-05-03T22:14:42.768Z"}}, {"model": "sessions.session", "pk": "bhm38ubgl0rlfl3sw1xlypjar03w6c2r", "fields": {"session_data": "NDAwZTRlZDZlY2ZjYTZjMGMxOTQwM2Q2NTA1ZmNmMjljNzhiNTljOTp7Il9hdXRoX3VzZXJfaWQiOiI3IiwiX2F1dGhfdXNlcl9iYWNrZW5kIjoiZGphbmdvLmNvbnRyaWIuYXV0aC5iYWNrZW5kcy5Nb2RlbEJhY2tlbmQiLCJfYXV0aF91c2VyX2hhc2giOiJlYWUzYWUxNTQyODFkZTJkNjY4YTNiZjNlNjNlNTg2NzBhNWEwY2QwIn0=", "expire_date": "2021-05-03T22:09:04.061Z"}}, {"model": "sessions.session", "pk": "c61s2gvdexrt8nspg5sobdh9yiq10p3f", "fields": {"session_data": "NjAzOGE0MDcyMTg2NjZkZDk0NTlkOWExMGMyZWFlOGZiOTBmMzlkNTp7fQ==", "expire_date": "2021-05-03T22:04:19.391Z"}}, {"model": "sessions.session", "pk": "cbhrw1m7c53juez0ugxzfks06ync6h5p", "fields": {"session_data": "NjAzOGE0MDcyMTg2NjZkZDk0NTlkOWExMGMyZWFlOGZiOTBmMzlkNTp7fQ==", "expire_date": "2021-05-03T22:06:44.122Z"}}, {"model": "sessions.session", "pk": "cjcz8v5bahofyj50x2wze8q5b1h7ihve", "fields": {"session_data": "NjAzOGE0MDcyMTg2NjZkZDk0NTlkOWExMGMyZWFlOGZiOTBmMzlkNTp7fQ==", "expire_date": "2021-05-03T22:04:18.048Z"}}, {"model": "sessions.session", "pk": "cvxs6v6byh8ogpk7ktrqzq0y6oo4j2ti", "fields": {"session_data": "NDAwZTRlZDZlY2ZjYTZjMGMxOTQwM2Q2NTA1ZmNmMjljNzhiNTljOTp7Il9hdXRoX3VzZXJfaWQiOiI3IiwiX2F1dGhfdXNlcl9iYWNrZW5kIjoiZGphbmdvLmNvbnRyaWIuYXV0aC5iYWNrZW5kcy5Nb2RlbEJhY2tlbmQiLCJfYXV0aF91c2VyX2hhc2giOiJlYWUzYWUxNTQyODFkZTJkNjY4YTNiZjNlNjNlNTg2NzBhNWEwY2QwIn0=", "expire_date": "2021-05-03T22:02:43.897Z"}}, {"model": "sessions.session", "pk": "ek41ujw8zg6lzqq0dnhazai4v0imu15u", "fields": {"session_data": "NDAwZTRlZDZlY2ZjYTZjMGMxOTQwM2Q2NTA1ZmNmMjljNzhiNTljOTp7Il9hdXRoX3VzZXJfaWQiOiI3IiwiX2F1dGhfdXNlcl9iYWNrZW5kIjoiZGphbmdvLmNvbnRyaWIuYXV0aC5iYWNrZW5kcy5Nb2RlbEJhY2tlbmQiLCJfYXV0aF91c2VyX2hhc2giOiJlYWUzYWUxNTQyODFkZTJkNjY4YTNiZjNlNjNlNTg2NzBhNWEwY2QwIn0=", "expire_date": "2021-05-03T22:08:03.542Z"}}, {"model": "sessions.session", "pk": "eoj6e5irwaj7jdehum0fo816g8u129cs", "fields": {"session_data": "NDAwZTRlZDZlY2ZjYTZjMGMxOTQwM2Q2NTA1ZmNmMjljNzhiNTljOTp7Il9hdXRoX3VzZXJfaWQiOiI3IiwiX2F1dGhfdXNlcl9iYWNrZW5kIjoiZGphbmdvLmNvbnRyaWIuYXV0aC5iYWNrZW5kcy5Nb2RlbEJhY2tlbmQiLCJfYXV0aF91c2VyX2hhc2giOiJlYWUzYWUxNTQyODFkZTJkNjY4YTNiZjNlNjNlNTg2NzBhNWEwY2QwIn0=", "expire_date": "2021-05-03T22:02:47.429Z"}}, {"model": "sessions.session", "pk": "f5azrmcdsbeg3ljn6ahh1ftzm28vg80x", "fields": {"session_data": "NDAwZTRlZDZlY2ZjYTZjMGMxOTQwM2Q2NTA1ZmNmMjljNzhiNTljOTp7Il9hdXRoX3VzZXJfaWQiOiI3IiwiX2F1dGhfdXNlcl9iYWNrZW5kIjoiZGphbmdvLmNvbnRyaWIuYXV0aC5iYWNrZW5kcy5Nb2RlbEJhY2tlbmQiLCJfYXV0aF91c2VyX2hhc2giOiJlYWUzYWUxNTQyODFkZTJkNjY4YTNiZjNlNjNlNTg2NzBhNWEwY2QwIn0=", "expire_date": "2021-05-04T07:56:43.869Z"}}, {"model": "sessions.session", "pk": "fbhkoba4ul6nv6ivexyit4yh8xme4n59", "fields": {"session_data": "NjAzOGE0MDcyMTg2NjZkZDk0NTlkOWExMGMyZWFlOGZiOTBmMzlkNTp7fQ==", "expire_date": "2021-05-03T22:02:41.330Z"}}, {"model": "sessions.session", "pk": "ffc8ete2279w2p9n46eclqsallys3gn3", "fields": {"session_data": "NDAwZTRlZDZlY2ZjYTZjMGMxOTQwM2Q2NTA1ZmNmMjljNzhiNTljOTp7Il9hdXRoX3VzZXJfaWQiOiI3IiwiX2F1dGhfdXNlcl9iYWNrZW5kIjoiZGphbmdvLmNvbnRyaWIuYXV0aC5iYWNrZW5kcy5Nb2RlbEJhY2tlbmQiLCJfYXV0aF91c2VyX2hhc2giOiJlYWUzYWUxNTQyODFkZTJkNjY4YTNiZjNlNjNlNTg2NzBhNWEwY2QwIn0=", "expire_date": "2021-05-03T22:13:36.350Z"}}, {"model": "sessions.session", "pk": "fx7tp16dg7ruayaiaanae5xfu3e0bcxr", "fields": {"session_data": "NDAwZTRlZDZlY2ZjYTZjMGMxOTQwM2Q2NTA1ZmNmMjljNzhiNTljOTp7Il9hdXRoX3VzZXJfaWQiOiI3IiwiX2F1dGhfdXNlcl9iYWNrZW5kIjoiZGphbmdvLmNvbnRyaWIuYXV0aC5iYWNrZW5kcy5Nb2RlbEJhY2tlbmQiLCJfYXV0aF91c2VyX2hhc2giOiJlYWUzYWUxNTQyODFkZTJkNjY4YTNiZjNlNjNlNTg2NzBhNWEwY2QwIn0=", "expire_date": "2021-05-04T07:56:42.968Z"}}, {"model": "sessions.session", "pk": "g27xtb8k8pvq1cf8qycn0qiyppenmkju", "fields": {"session_data": "NDAwZTRlZDZlY2ZjYTZjMGMxOTQwM2Q2NTA1ZmNmMjljNzhiNTljOTp7Il9hdXRoX3VzZXJfaWQiOiI3IiwiX2F1dGhfdXNlcl9iYWNrZW5kIjoiZGphbmdvLmNvbnRyaWIuYXV0aC5iYWNrZW5kcy5Nb2RlbEJhY2tlbmQiLCJfYXV0aF91c2VyX2hhc2giOiJlYWUzYWUxNTQyODFkZTJkNjY4YTNiZjNlNjNlNTg2NzBhNWEwY2QwIn0=", "expire_date": "2021-05-04T07:56:47.300Z"}}, {"model": "sessions.session", "pk": "g945xunmqlzmzfn3lcwz8izw63oy4vbf", "fields": {"session_data": "NjAzOGE0MDcyMTg2NjZkZDk0NTlkOWExMGMyZWFlOGZiOTBmMzlkNTp7fQ==", "expire_date": "2021-05-03T22:06:48.046Z"}}, {"model": "sessions.session", "pk": "gwwwdsuaoasjd5lfd4lukhg87ubu1o1s", "fields": {"session_data": "NjAzOGE0MDcyMTg2NjZkZDk0NTlkOWExMGMyZWFlOGZiOTBmMzlkNTp7fQ==", "expire_date": "2021-05-03T22:02:42.981Z"}}, {"model": "sessions.session", "pk": "h2bt2lrpkqzjanlfh1ns7pbqswrgofow", "fields": {"session_data": "NDAwZTRlZDZlY2ZjYTZjMGMxOTQwM2Q2NTA1ZmNmMjljNzhiNTljOTp7Il9hdXRoX3VzZXJfaWQiOiI3IiwiX2F1dGhfdXNlcl9iYWNrZW5kIjoiZGphbmdvLmNvbnRyaWIuYXV0aC5iYWNrZW5kcy5Nb2RlbEJhY2tlbmQiLCJfYXV0aF91c2VyX2hhc2giOiJlYWUzYWUxNTQyODFkZTJkNjY4YTNiZjNlNjNlNTg2NzBhNWEwY2QwIn0=", "expire_date": "2021-05-04T07:56:45.552Z"}}, {"model": "sessions.session", "pk": "h5neb62lvlxds128z0ed7hkzmcvp4o83", "fields": {"session_data": "NDAwZTRlZDZlY2ZjYTZjMGMxOTQwM2Q2NTA1ZmNmMjljNzhiNTljOTp7Il9hdXRoX3VzZXJfaWQiOiI3IiwiX2F1dGhfdXNlcl9iYWNrZW5kIjoiZGphbmdvLmNvbnRyaWIuYXV0aC5iYWNrZW5kcy5Nb2RlbEJhY2tlbmQiLCJfYXV0aF91c2VyX2hhc2giOiJlYWUzYWUxNTQyODFkZTJkNjY4YTNiZjNlNjNlNTg2NzBhNWEwY2QwIn0=", "expire_date": "2021-05-04T07:56:40.471Z"}}, {"model": "sessions.session", "pk": "h6grdzur9hif9eazqg0spa51fxaxjg26", "fields": {"session_data": "NDAwZTRlZDZlY2ZjYTZjMGMxOTQwM2Q2NTA1ZmNmMjljNzhiNTljOTp7Il9hdXRoX3VzZXJfaWQiOiI3IiwiX2F1dGhfdXNlcl9iYWNrZW5kIjoiZGphbmdvLmNvbnRyaWIuYXV0aC5iYWNrZW5kcy5Nb2RlbEJhY2tlbmQiLCJfYXV0aF91c2VyX2hhc2giOiJlYWUzYWUxNTQyODFkZTJkNjY4YTNiZjNlNjNlNTg2NzBhNWEwY2QwIn0=", "expire_date": "2021-05-03T22:02:44.306Z"}}, {"model": "sessions.session", "pk": "hchxh43o1wlphnkwi5ipoy0kd5isxsyq", "fields": {"session_data": "NDAwZTRlZDZlY2ZjYTZjMGMxOTQwM2Q2NTA1ZmNmMjljNzhiNTljOTp7Il9hdXRoX3VzZXJfaWQiOiI3IiwiX2F1dGhfdXNlcl9iYWNrZW5kIjoiZGphbmdvLmNvbnRyaWIuYXV0aC5iYWNrZW5kcy5Nb2RlbEJhY2tlbmQiLCJfYXV0aF91c2VyX2hhc2giOiJlYWUzYWUxNTQyODFkZTJkNjY4YTNiZjNlNjNlNTg2NzBhNWEwY2QwIn0=", "expire_date": "2021-05-04T07:56:35.238Z"}}, {"model": "sessions.session", "pk": "i7phvs9wv90z4e29xd9tcg8puf557awm", "fields": {"session_data": "NjAzOGE0MDcyMTg2NjZkZDk0NTlkOWExMGMyZWFlOGZiOTBmMzlkNTp7fQ==", "expire_date": "2021-05-03T22:02:42.978Z"}}, {"model": "sessions.session", "pk": "i9wtj6apf95fk46lbm0te1u41xabvr95", "fields": {"session_data": "NjAzOGE0MDcyMTg2NjZkZDk0NTlkOWExMGMyZWFlOGZiOTBmMzlkNTp7fQ==", "expire_date": "2021-05-03T22:06:45.368Z"}}, {"model": "sessions.session", "pk": "ic24iqsoa0fo71zuxlcfnhab4pobewic", "fields": {"session_data": "NjAzOGE0MDcyMTg2NjZkZDk0NTlkOWExMGMyZWFlOGZiOTBmMzlkNTp7fQ==", "expire_date": "2021-05-03T22:04:20.519Z"}}, {"model": "sessions.session", "pk": "ig8w38qcqlkiwhmkdo2mzgq3bjpwboe1", "fields": {"session_data": "NjAzOGE0MDcyMTg2NjZkZDk0NTlkOWExMGMyZWFlOGZiOTBmMzlkNTp7fQ==", "expire_date": "2021-05-03T22:06:35.519Z"}}, {"model": "sessions.session", "pk": "j3lm21d53mxkufvudnvzbyxvyabk0ljy", "fields": {"session_data": "NjAzOGE0MDcyMTg2NjZkZDk0NTlkOWExMGMyZWFlOGZiOTBmMzlkNTp7fQ==", "expire_date": "2021-05-03T22:02:41.337Z"}}, {"model": "sessions.session", "pk": "j8nv1xh25felaz1qnatusfq8afgf0qja", "fields": {"session_data": "NjAzOGE0MDcyMTg2NjZkZDk0NTlkOWExMGMyZWFlOGZiOTBmMzlkNTp7fQ==", "expire_date": "2021-05-03T22:06:49.277Z"}}, {"model": "sessions.session", "pk": "j9kg0xpfvoudnxq74oadmqlj9kau4egf", "fields": {"session_data": "NjAzOGE0MDcyMTg2NjZkZDk0NTlkOWExMGMyZWFlOGZiOTBmMzlkNTp7fQ==", "expire_date": "2021-05-03T22:06:38.628Z"}}, {"model": "sessions.session", "pk": "jwnxi9sezavkp5kb0rjxqt1cro91ampg", "fields": {"session_data": "NDAwZTRlZDZlY2ZjYTZjMGMxOTQwM2Q2NTA1ZmNmMjljNzhiNTljOTp7Il9hdXRoX3VzZXJfaWQiOiI3IiwiX2F1dGhfdXNlcl9iYWNrZW5kIjoiZGphbmdvLmNvbnRyaWIuYXV0aC5iYWNrZW5kcy5Nb2RlbEJhY2tlbmQiLCJfYXV0aF91c2VyX2hhc2giOiJlYWUzYWUxNTQyODFkZTJkNjY4YTNiZjNlNjNlNTg2NzBhNWEwY2QwIn0=", "expire_date": "2021-05-04T07:56:38.795Z"}}, {"model": "sessions.session", "pk": "kbemh0mjgr2od1rholgeyp6s3zcat93x", "fields": {"session_data": "NjAzOGE0MDcyMTg2NjZkZDk0NTlkOWExMGMyZWFlOGZiOTBmMzlkNTp7fQ==", "expire_date": "2021-05-03T22:04:15.812Z"}}, {"model": "sessions.session", "pk": "kcs7kim4rixe0f76dt6k0302nv3oqbtd", "fields": {"session_data": "NjAzOGE0MDcyMTg2NjZkZDk0NTlkOWExMGMyZWFlOGZiOTBmMzlkNTp7fQ==", "expire_date": "2021-05-03T22:02:43.056Z"}}, {"model": "sessions.session", "pk": "kedr4bmnsembzt43iks6d3760qjukdh8", "fields": {"session_data": "NDAwZTRlZDZlY2ZjYTZjMGMxOTQwM2Q2NTA1ZmNmMjljNzhiNTljOTp7Il9hdXRoX3VzZXJfaWQiOiI3IiwiX2F1dGhfdXNlcl9iYWNrZW5kIjoiZGphbmdvLmNvbnRyaWIuYXV0aC5iYWNrZW5kcy5Nb2RlbEJhY2tlbmQiLCJfYXV0aF91c2VyX2hhc2giOiJlYWUzYWUxNTQyODFkZTJkNjY4YTNiZjNlNjNlNTg2NzBhNWEwY2QwIn0=", "expire_date": "2021-05-04T07:56:39.289Z"}}, {"model": "sessions.session", "pk": "kgm78bxh2acw5yht94ytp6tx3yn3a7a6", "fields": {"session_data": "NDAwZTRlZDZlY2ZjYTZjMGMxOTQwM2Q2NTA1ZmNmMjljNzhiNTljOTp7Il9hdXRoX3VzZXJfaWQiOiI3IiwiX2F1dGhfdXNlcl9iYWNrZW5kIjoiZGphbmdvLmNvbnRyaWIuYXV0aC5iYWNrZW5kcy5Nb2RlbEJhY2tlbmQiLCJfYXV0aF91c2VyX2hhc2giOiJlYWUzYWUxNTQyODFkZTJkNjY4YTNiZjNlNjNlNTg2NzBhNWEwY2QwIn0=", "expire_date": "2021-05-03T22:07:55.290Z"}}, {"model": "sessions.session", "pk": "kjcoswinq6yg7hpzmj84r9pipw80ch3w", "fields": {"session_data": "NjAzOGE0MDcyMTg2NjZkZDk0NTlkOWExMGMyZWFlOGZiOTBmMzlkNTp7fQ==", "expire_date": "2021-05-03T22:04:08.331Z"}}, {"model": "sessions.session", "pk": "krs9yh5piwq4avuypti9tmvqbne3psy5", "fields": {"session_data": "NDAwZTRlZDZlY2ZjYTZjMGMxOTQwM2Q2NTA1ZmNmMjljNzhiNTljOTp7Il9hdXRoX3VzZXJfaWQiOiI3IiwiX2F1dGhfdXNlcl9iYWNrZW5kIjoiZGphbmdvLmNvbnRyaWIuYXV0aC5iYWNrZW5kcy5Nb2RlbEJhY2tlbmQiLCJfYXV0aF91c2VyX2hhc2giOiJlYWUzYWUxNTQyODFkZTJkNjY4YTNiZjNlNjNlNTg2NzBhNWEwY2QwIn0=", "expire_date": "2021-05-03T22:02:43.992Z"}}, {"model": "sessions.session", "pk": "kt8520317w7mc5ywlx4im2idhstgt9fe", "fields": {"session_data": "NjAzOGE0MDcyMTg2NjZkZDk0NTlkOWExMGMyZWFlOGZiOTBmMzlkNTp7fQ==", "expire_date": "2021-05-03T22:02:41.171Z"}}, {"model": "sessions.session", "pk": "kwfb8x93use32enm7tflhu92evdosses", "fields": {"session_data": "NjAzOGE0MDcyMTg2NjZkZDk0NTlkOWExMGMyZWFlOGZiOTBmMzlkNTp7fQ==", "expire_date": "2021-05-03T22:06:38.111Z"}}, {"model": "sessions.session", "pk": "l1vhq6r9zel5ehjq2bryyf48k97ixa73", "fields": {"session_data": "NDAwZTRlZDZlY2ZjYTZjMGMxOTQwM2Q2NTA1ZmNmMjljNzhiNTljOTp7Il9hdXRoX3VzZXJfaWQiOiI3IiwiX2F1dGhfdXNlcl9iYWNrZW5kIjoiZGphbmdvLmNvbnRyaWIuYXV0aC5iYWNrZW5kcy5Nb2RlbEJhY2tlbmQiLCJfYXV0aF91c2VyX2hhc2giOiJlYWUzYWUxNTQyODFkZTJkNjY4YTNiZjNlNjNlNTg2NzBhNWEwY2QwIn0=", "expire_date": "2021-05-04T07:56:43.264Z"}}, {"model": "sessions.session", "pk": "l3825xay2oph85untaw3itw3ei2fyu4y", "fields": {"session_data": "NjAzOGE0MDcyMTg2NjZkZDk0NTlkOWExMGMyZWFlOGZiOTBmMzlkNTp7fQ==", "expire_date": "2021-05-03T22:04:14.241Z"}}, {"model": "sessions.session", "pk": "l9ouetvgd5nwt2uhrn5rdye4m0pvw3sm", "fields": {"session_data": "NDAwZTRlZDZlY2ZjYTZjMGMxOTQwM2Q2NTA1ZmNmMjljNzhiNTljOTp7Il9hdXRoX3VzZXJfaWQiOiI3IiwiX2F1dGhfdXNlcl9iYWNrZW5kIjoiZGphbmdvLmNvbnRyaWIuYXV0aC5iYWNrZW5kcy5Nb2RlbEJhY2tlbmQiLCJfYXV0aF91c2VyX2hhc2giOiJlYWUzYWUxNTQyODFkZTJkNjY4YTNiZjNlNjNlNTg2NzBhNWEwY2QwIn0=", "expire_date": "2021-05-04T07:56:40.837Z"}}, {"model": "sessions.session", "pk": "lcb3md80mitwmc4zo2bwt5mk981nm4np", "fields": {"session_data": "NDAwZTRlZDZlY2ZjYTZjMGMxOTQwM2Q2NTA1ZmNmMjljNzhiNTljOTp7Il9hdXRoX3VzZXJfaWQiOiI3IiwiX2F1dGhfdXNlcl9iYWNrZW5kIjoiZGphbmdvLmNvbnRyaWIuYXV0aC5iYWNrZW5kcy5Nb2RlbEJhY2tlbmQiLCJfYXV0aF91c2VyX2hhc2giOiJlYWUzYWUxNTQyODFkZTJkNjY4YTNiZjNlNjNlNTg2NzBhNWEwY2QwIn0=", "expire_date": "2021-05-03T22:14:50.224Z"}}, {"model": "sessions.session", "pk": "ldftfdup1hu4r7pyb6n69b18p66lm8ld", "fields": {"session_data": "NDAwZTRlZDZlY2ZjYTZjMGMxOTQwM2Q2NTA1ZmNmMjljNzhiNTljOTp7Il9hdXRoX3VzZXJfaWQiOiI3IiwiX2F1dGhfdXNlcl9iYWNrZW5kIjoiZGphbmdvLmNvbnRyaWIuYXV0aC5iYWNrZW5kcy5Nb2RlbEJhY2tlbmQiLCJfYXV0aF91c2VyX2hhc2giOiJlYWUzYWUxNTQyODFkZTJkNjY4YTNiZjNlNjNlNTg2NzBhNWEwY2QwIn0=", "expire_date": "2021-05-03T22:09:03.426Z"}}, {"model": "sessions.session", "pk": "lfjw047wv1yysezicnx9or3kjw4d2oif", "fields": {"session_data": "NDAwZTRlZDZlY2ZjYTZjMGMxOTQwM2Q2NTA1ZmNmMjljNzhiNTljOTp7Il9hdXRoX3VzZXJfaWQiOiI3IiwiX2F1dGhfdXNlcl9iYWNrZW5kIjoiZGphbmdvLmNvbnRyaWIuYXV0aC5iYWNrZW5kcy5Nb2RlbEJhY2tlbmQiLCJfYXV0aF91c2VyX2hhc2giOiJlYWUzYWUxNTQyODFkZTJkNjY4YTNiZjNlNjNlNTg2NzBhNWEwY2QwIn0=", "expire_date": "2021-05-03T22:08:03.062Z"}}, {"model": "sessions.session", "pk": "ljigcdxn04j4al1tkzd7v0nvmzlvqx8e", "fields": {"session_data": "NDAwZTRlZDZlY2ZjYTZjMGMxOTQwM2Q2NTA1ZmNmMjljNzhiNTljOTp7Il9hdXRoX3VzZXJfaWQiOiI3IiwiX2F1dGhfdXNlcl9iYWNrZW5kIjoiZGphbmdvLmNvbnRyaWIuYXV0aC5iYWNrZW5kcy5Nb2RlbEJhY2tlbmQiLCJfYXV0aF91c2VyX2hhc2giOiJlYWUzYWUxNTQyODFkZTJkNjY4YTNiZjNlNjNlNTg2NzBhNWEwY2QwIn0=", "expire_date": "2021-05-04T07:56:38.774Z"}}, {"model": "sessions.session", "pk": "lksxlw4oho3v8l6n7995gytsvwuz5pbi", "fields": {"session_data": "NDAwZTRlZDZlY2ZjYTZjMGMxOTQwM2Q2NTA1ZmNmMjljNzhiNTljOTp7Il9hdXRoX3VzZXJfaWQiOiI3IiwiX2F1dGhfdXNlcl9iYWNrZW5kIjoiZGphbmdvLmNvbnRyaWIuYXV0aC5iYWNrZW5kcy5Nb2RlbEJhY2tlbmQiLCJfYXV0aF91c2VyX2hhc2giOiJlYWUzYWUxNTQyODFkZTJkNjY4YTNiZjNlNjNlNTg2NzBhNWEwY2QwIn0=", "expire_date": "2021-05-04T07:56:46.980Z"}}, {"model": "sessions.session", "pk": "ls0bolkvxifz13ph2v0wbn2daepldwwb", "fields": {"session_data": "NDAwZTRlZDZlY2ZjYTZjMGMxOTQwM2Q2NTA1ZmNmMjljNzhiNTljOTp7Il9hdXRoX3VzZXJfaWQiOiI3IiwiX2F1dGhfdXNlcl9iYWNrZW5kIjoiZGphbmdvLmNvbnRyaWIuYXV0aC5iYWNrZW5kcy5Nb2RlbEJhY2tlbmQiLCJfYXV0aF91c2VyX2hhc2giOiJlYWUzYWUxNTQyODFkZTJkNjY4YTNiZjNlNjNlNTg2NzBhNWEwY2QwIn0=", "expire_date": "2021-05-04T07:56:49.208Z"}}, {"model": "sessions.session", "pk": "lzo2xdilzimf0fdrd9ow5e0clg2fnam1", "fields": {"session_data": "NjAzOGE0MDcyMTg2NjZkZDk0NTlkOWExMGMyZWFlOGZiOTBmMzlkNTp7fQ==", "expire_date": "2021-05-03T22:06:56.701Z"}}, {"model": "sessions.session", "pk": "m02hh41j23kmisb1delyvmt2mq1y5dup", "fields": {"session_data": "NjAzOGE0MDcyMTg2NjZkZDk0NTlkOWExMGMyZWFlOGZiOTBmMzlkNTp7fQ==", "expire_date": "2021-05-03T22:01:06.474Z"}}, {"model": "sessions.session", "pk": "mgm8z3vgeixgdwtp8ikvueat1myh91eq", "fields": {"session_data": "NDAwZTRlZDZlY2ZjYTZjMGMxOTQwM2Q2NTA1ZmNmMjljNzhiNTljOTp7Il9hdXRoX3VzZXJfaWQiOiI3IiwiX2F1dGhfdXNlcl9iYWNrZW5kIjoiZGphbmdvLmNvbnRyaWIuYXV0aC5iYWNrZW5kcy5Nb2RlbEJhY2tlbmQiLCJfYXV0aF91c2VyX2hhc2giOiJlYWUzYWUxNTQyODFkZTJkNjY4YTNiZjNlNjNlNTg2NzBhNWEwY2QwIn0=", "expire_date": "2021-05-04T07:56:38.173Z"}}, {"model": "sessions.session", "pk": "mjzl9pbfg7p4h5w7saxdi0s1b1swy9z2", "fields": {"session_data": "NDAwZTRlZDZlY2ZjYTZjMGMxOTQwM2Q2NTA1ZmNmMjljNzhiNTljOTp7Il9hdXRoX3VzZXJfaWQiOiI3IiwiX2F1dGhfdXNlcl9iYWNrZW5kIjoiZGphbmdvLmNvbnRyaWIuYXV0aC5iYWNrZW5kcy5Nb2RlbEJhY2tlbmQiLCJfYXV0aF91c2VyX2hhc2giOiJlYWUzYWUxNTQyODFkZTJkNjY4YTNiZjNlNjNlNTg2NzBhNWEwY2QwIn0=", "expire_date": "2021-05-03T22:01:06.911Z"}}, {"model": "sessions.session", "pk": "mplbq3cc68w8cllx0lw17jna06o9ffl7", "fields": {"session_data": "NjAzOGE0MDcyMTg2NjZkZDk0NTlkOWExMGMyZWFlOGZiOTBmMzlkNTp7fQ==", "expire_date": "2021-05-03T22:01:10.303Z"}}, {"model": "sessions.session", "pk": "mzdc5b5b3jvwr99sgvzh0c20zx1ydz44", "fields": {"session_data": "NjAzOGE0MDcyMTg2NjZkZDk0NTlkOWExMGMyZWFlOGZiOTBmMzlkNTp7fQ==", "expire_date": "2021-05-03T22:02:43.048Z"}}, {"model": "sessions.session", "pk": "n8u3xr3j70dht84781jz52im2kw55vtx", "fields": {"session_data": "NDAwZTRlZDZlY2ZjYTZjMGMxOTQwM2Q2NTA1ZmNmMjljNzhiNTljOTp7Il9hdXRoX3VzZXJfaWQiOiI3IiwiX2F1dGhfdXNlcl9iYWNrZW5kIjoiZGphbmdvLmNvbnRyaWIuYXV0aC5iYWNrZW5kcy5Nb2RlbEJhY2tlbmQiLCJfYXV0aF91c2VyX2hhc2giOiJlYWUzYWUxNTQyODFkZTJkNjY4YTNiZjNlNjNlNTg2NzBhNWEwY2QwIn0=", "expire_date": "2021-05-03T22:14:42.240Z"}}, {"model": "sessions.session", "pk": "nnl4108xunmv4we6qbdxvlubwdzagx3e", "fields": {"session_data": "NDAwZTRlZDZlY2ZjYTZjMGMxOTQwM2Q2NTA1ZmNmMjljNzhiNTljOTp7Il9hdXRoX3VzZXJfaWQiOiI3IiwiX2F1dGhfdXNlcl9iYWNrZW5kIjoiZGphbmdvLmNvbnRyaWIuYXV0aC5iYWNrZW5kcy5Nb2RlbEJhY2tlbmQiLCJfYXV0aF91c2VyX2hhc2giOiJlYWUzYWUxNTQyODFkZTJkNjY4YTNiZjNlNjNlNTg2NzBhNWEwY2QwIn0=", "expire_date": "2021-05-03T22:02:44.478Z"}}, {"model": "sessions.session", "pk": "nq4cmgxno7ylzn6zdg7m9bsqp9r6etfq", "fields": {"session_data": "NDAwZTRlZDZlY2ZjYTZjMGMxOTQwM2Q2NTA1ZmNmMjljNzhiNTljOTp7Il9hdXRoX3VzZXJfaWQiOiI3IiwiX2F1dGhfdXNlcl9iYWNrZW5kIjoiZGphbmdvLmNvbnRyaWIuYXV0aC5iYWNrZW5kcy5Nb2RlbEJhY2tlbmQiLCJfYXV0aF91c2VyX2hhc2giOiJlYWUzYWUxNTQyODFkZTJkNjY4YTNiZjNlNjNlNTg2NzBhNWEwY2QwIn0=", "expire_date": "2021-05-03T22:09:04.975Z"}}, {"model": "sessions.session", "pk": "o0rb4v67hge7w5enmigerm652242jerg", "fields": {"session_data": "NDAwZTRlZDZlY2ZjYTZjMGMxOTQwM2Q2NTA1ZmNmMjljNzhiNTljOTp7Il9hdXRoX3VzZXJfaWQiOiI3IiwiX2F1dGhfdXNlcl9iYWNrZW5kIjoiZGphbmdvLmNvbnRyaWIuYXV0aC5iYWNrZW5kcy5Nb2RlbEJhY2tlbmQiLCJfYXV0aF91c2VyX2hhc2giOiJlYWUzYWUxNTQyODFkZTJkNjY4YTNiZjNlNjNlNTg2NzBhNWEwY2QwIn0=", "expire_date": "2021-05-04T07:56:41.646Z"}}, {"model": "sessions.session", "pk": "o70mmfx761sbmzg32hhevdl11pcgui8o", "fields": {"session_data": "NDAwZTRlZDZlY2ZjYTZjMGMxOTQwM2Q2NTA1ZmNmMjljNzhiNTljOTp7Il9hdXRoX3VzZXJfaWQiOiI3IiwiX2F1dGhfdXNlcl9iYWNrZW5kIjoiZGphbmdvLmNvbnRyaWIuYXV0aC5iYWNrZW5kcy5Nb2RlbEJhY2tlbmQiLCJfYXV0aF91c2VyX2hhc2giOiJlYWUzYWUxNTQyODFkZTJkNjY4YTNiZjNlNjNlNTg2NzBhNWEwY2QwIn0=", "expire_date": "2021-05-04T07:56:48.059Z"}}, {"model": "sessions.session", "pk": "o99azyumhpxz18qgflrpmeiq25tk0igr", "fields": {"session_data": "NDAwZTRlZDZlY2ZjYTZjMGMxOTQwM2Q2NTA1ZmNmMjljNzhiNTljOTp7Il9hdXRoX3VzZXJfaWQiOiI3IiwiX2F1dGhfdXNlcl9iYWNrZW5kIjoiZGphbmdvLmNvbnRyaWIuYXV0aC5iYWNrZW5kcy5Nb2RlbEJhY2tlbmQiLCJfYXV0aF91c2VyX2hhc2giOiJlYWUzYWUxNTQyODFkZTJkNjY4YTNiZjNlNjNlNTg2NzBhNWEwY2QwIn0=", "expire_date": "2021-05-03T22:14:30.801Z"}}, {"model": "sessions.session", "pk": "oc80jy8ng7vz0b4luqmglyjjaxvfsvns", "fields": {"session_data": "NjAzOGE0MDcyMTg2NjZkZDk0NTlkOWExMGMyZWFlOGZiOTBmMzlkNTp7fQ==", "expire_date": "2021-05-03T22:06:43.201Z"}}, {"model": "sessions.session", "pk": "odt9n0ns6x4ap6x18zxt18tr444l7g0s", "fields": {"session_data": "NDAwZTRlZDZlY2ZjYTZjMGMxOTQwM2Q2NTA1ZmNmMjljNzhiNTljOTp7Il9hdXRoX3VzZXJfaWQiOiI3IiwiX2F1dGhfdXNlcl9iYWNrZW5kIjoiZGphbmdvLmNvbnRyaWIuYXV0aC5iYWNrZW5kcy5Nb2RlbEJhY2tlbmQiLCJfYXV0aF91c2VyX2hhc2giOiJlYWUzYWUxNTQyODFkZTJkNjY4YTNiZjNlNjNlNTg2NzBhNWEwY2QwIn0=", "expire_date": "2021-05-04T07:56:38.944Z"}}, {"model": "sessions.session", "pk": "ogrkvb3uciw3qrjwsvnmrjlmht1ey5l3", "fields": {"session_data": "NDAwZTRlZDZlY2ZjYTZjMGMxOTQwM2Q2NTA1ZmNmMjljNzhiNTljOTp7Il9hdXRoX3VzZXJfaWQiOiI3IiwiX2F1dGhfdXNlcl9iYWNrZW5kIjoiZGphbmdvLmNvbnRyaWIuYXV0aC5iYWNrZW5kcy5Nb2RlbEJhY2tlbmQiLCJfYXV0aF91c2VyX2hhc2giOiJlYWUzYWUxNTQyODFkZTJkNjY4YTNiZjNlNjNlNTg2NzBhNWEwY2QwIn0=", "expire_date": "2021-05-03T22:14:29.526Z"}}, {"model": "sessions.session", "pk": "on24lqmx717xo7q82vc1umzhqkt9koz8", "fields": {"session_data": "NjAzOGE0MDcyMTg2NjZkZDk0NTlkOWExMGMyZWFlOGZiOTBmMzlkNTp7fQ==", "expire_date": "2021-05-03T22:01:06.302Z"}}, {"model": "sessions.session", "pk": "otoqbjm5wq9fkm8ez0mjcsgd4yp49mqk", "fields": {"session_data": "NjAzOGE0MDcyMTg2NjZkZDk0NTlkOWExMGMyZWFlOGZiOTBmMzlkNTp7fQ==", "expire_date": "2021-05-03T22:01:06.399Z"}}, {"model": "sessions.session", "pk": "ovkj4qafjaknksf0475qqikyp49tzlxu", "fields": {"session_data": "NjAzOGE0MDcyMTg2NjZkZDk0NTlkOWExMGMyZWFlOGZiOTBmMzlkNTp7fQ==", "expire_date": "2021-05-03T22:02:41.389Z"}}, {"model": "sessions.session", "pk": "oxxtcpfe5mykcvgmmpj7hpxjt48xi04r", "fields": {"session_data": "NjAzOGE0MDcyMTg2NjZkZDk0NTlkOWExMGMyZWFlOGZiOTBmMzlkNTp7fQ==", "expire_date": "2021-05-03T22:06:46.677Z"}}, {"model": "sessions.session", "pk": "ozq1n6o6nh0lsao6obyjgd494c17iaet", "fields": {"session_data": "NDAwZTRlZDZlY2ZjYTZjMGMxOTQwM2Q2NTA1ZmNmMjljNzhiNTljOTp7Il9hdXRoX3VzZXJfaWQiOiI3IiwiX2F1dGhfdXNlcl9iYWNrZW5kIjoiZGphbmdvLmNvbnRyaWIuYXV0aC5iYWNrZW5kcy5Nb2RlbEJhY2tlbmQiLCJfYXV0aF91c2VyX2hhc2giOiJlYWUzYWUxNTQyODFkZTJkNjY4YTNiZjNlNjNlNTg2NzBhNWEwY2QwIn0=", "expire_date": "2021-05-04T07:56:40.711Z"}}, {"model": "sessions.session", "pk": "pmuyhm2w2vijmdvanyzfxzz4md94xwa3", "fields": {"session_data": "NjAzOGE0MDcyMTg2NjZkZDk0NTlkOWExMGMyZWFlOGZiOTBmMzlkNTp7fQ==", "expire_date": "2021-05-03T22:04:21.314Z"}}, {"model": "sessions.session", "pk": "q5rh7rrga2fx2150qcbjw1q1hwgo46ma", "fields": {"session_data": "NDAwZTRlZDZlY2ZjYTZjMGMxOTQwM2Q2NTA1ZmNmMjljNzhiNTljOTp7Il9hdXRoX3VzZXJfaWQiOiI3IiwiX2F1dGhfdXNlcl9iYWNrZW5kIjoiZGphbmdvLmNvbnRyaWIuYXV0aC5iYWNrZW5kcy5Nb2RlbEJhY2tlbmQiLCJfYXV0aF91c2VyX2hhc2giOiJlYWUzYWUxNTQyODFkZTJkNjY4YTNiZjNlNjNlNTg2NzBhNWEwY2QwIn0=", "expire_date": "2021-05-04T07:56:41.950Z"}}, {"model": "sessions.session", "pk": "qcwp3517s6qjm3xwoh2d6ooh6bbpglcj", "fields": {"session_data": "NDAwZTRlZDZlY2ZjYTZjMGMxOTQwM2Q2NTA1ZmNmMjljNzhiNTljOTp7Il9hdXRoX3VzZXJfaWQiOiI3IiwiX2F1dGhfdXNlcl9iYWNrZW5kIjoiZGphbmdvLmNvbnRyaWIuYXV0aC5iYWNrZW5kcy5Nb2RlbEJhY2tlbmQiLCJfYXV0aF91c2VyX2hhc2giOiJlYWUzYWUxNTQyODFkZTJkNjY4YTNiZjNlNjNlNTg2NzBhNWEwY2QwIn0=", "expire_date": "2021-05-04T07:56:40.440Z"}}, {"model": "sessions.session", "pk": "qit8kb1okcbloajisfsr0yaass1f54w6", "fields": {"session_data": "NjAzOGE0MDcyMTg2NjZkZDk0NTlkOWExMGMyZWFlOGZiOTBmMzlkNTp7fQ==", "expire_date": "2021-05-03T22:01:06.488Z"}}, {"model": "sessions.session", "pk": "qsa555mjaozx8s5ae8f7f45x7ivhxws9", "fields": {"session_data": "NDAwZTRlZDZlY2ZjYTZjMGMxOTQwM2Q2NTA1ZmNmMjljNzhiNTljOTp7Il9hdXRoX3VzZXJfaWQiOiI3IiwiX2F1dGhfdXNlcl9iYWNrZW5kIjoiZGphbmdvLmNvbnRyaWIuYXV0aC5iYWNrZW5kcy5Nb2RlbEJhY2tlbmQiLCJfYXV0aF91c2VyX2hhc2giOiJlYWUzYWUxNTQyODFkZTJkNjY4YTNiZjNlNjNlNTg2NzBhNWEwY2QwIn0=", "expire_date": "2021-05-04T07:56:42.707Z"}}, {"model": "sessions.session", "pk": "r3d70onugkdomxye86cxtouty1v55p43", "fields": {"session_data": "NDAwZTRlZDZlY2ZjYTZjMGMxOTQwM2Q2NTA1ZmNmMjljNzhiNTljOTp7Il9hdXRoX3VzZXJfaWQiOiI3IiwiX2F1dGhfdXNlcl9iYWNrZW5kIjoiZGphbmdvLmNvbnRyaWIuYXV0aC5iYWNrZW5kcy5Nb2RlbEJhY2tlbmQiLCJfYXV0aF91c2VyX2hhc2giOiJlYWUzYWUxNTQyODFkZTJkNjY4YTNiZjNlNjNlNTg2NzBhNWEwY2QwIn0=", "expire_date": "2021-05-04T07:56:33.354Z"}}, {"model": "sessions.session", "pk": "r5n3l8gs7cjby6dc04wf0pttsrb87hku", "fields": {"session_data": "NDAwZTRlZDZlY2ZjYTZjMGMxOTQwM2Q2NTA1ZmNmMjljNzhiNTljOTp7Il9hdXRoX3VzZXJfaWQiOiI3IiwiX2F1dGhfdXNlcl9iYWNrZW5kIjoiZGphbmdvLmNvbnRyaWIuYXV0aC5iYWNrZW5kcy5Nb2RlbEJhY2tlbmQiLCJfYXV0aF91c2VyX2hhc2giOiJlYWUzYWUxNTQyODFkZTJkNjY4YTNiZjNlNjNlNTg2NzBhNWEwY2QwIn0=", "expire_date": "2021-05-04T07:56:48.129Z"}}, {"model": "sessions.session", "pk": "rf4i6m9ke1gi21851ovop2vxpziy8kg0", "fields": {"session_data": "NDAwZTRlZDZlY2ZjYTZjMGMxOTQwM2Q2NTA1ZmNmMjljNzhiNTljOTp7Il9hdXRoX3VzZXJfaWQiOiI3IiwiX2F1dGhfdXNlcl9iYWNrZW5kIjoiZGphbmdvLmNvbnRyaWIuYXV0aC5iYWNrZW5kcy5Nb2RlbEJhY2tlbmQiLCJfYXV0aF91c2VyX2hhc2giOiJlYWUzYWUxNTQyODFkZTJkNjY4YTNiZjNlNjNlNTg2NzBhNWEwY2QwIn0=", "expire_date": "2021-05-04T07:56:44.068Z"}}, {"model": "sessions.session", "pk": "rflibukgchlfsh4iqqi6djapbrsg0i9l", "fields": {"session_data": "NDAwZTRlZDZlY2ZjYTZjMGMxOTQwM2Q2NTA1ZmNmMjljNzhiNTljOTp7Il9hdXRoX3VzZXJfaWQiOiI3IiwiX2F1dGhfdXNlcl9iYWNrZW5kIjoiZGphbmdvLmNvbnRyaWIuYXV0aC5iYWNrZW5kcy5Nb2RlbEJhY2tlbmQiLCJfYXV0aF91c2VyX2hhc2giOiJlYWUzYWUxNTQyODFkZTJkNjY4YTNiZjNlNjNlNTg2NzBhNWEwY2QwIn0=", "expire_date": "2021-05-03T22:06:52.775Z"}}, {"model": "sessions.session", "pk": "rs4s0wyv6lbioox0fopqoqyq0rlbpbnp", "fields": {"session_data": "NDAwZTRlZDZlY2ZjYTZjMGMxOTQwM2Q2NTA1ZmNmMjljNzhiNTljOTp7Il9hdXRoX3VzZXJfaWQiOiI3IiwiX2F1dGhfdXNlcl9iYWNrZW5kIjoiZGphbmdvLmNvbnRyaWIuYXV0aC5iYWNrZW5kcy5Nb2RlbEJhY2tlbmQiLCJfYXV0aF91c2VyX2hhc2giOiJlYWUzYWUxNTQyODFkZTJkNjY4YTNiZjNlNjNlNTg2NzBhNWEwY2QwIn0=", "expire_date": "2021-05-03T22:02:45.978Z"}}, {"model": "sessions.session", "pk": "rvfp4ltn9ttz2fvrhtw4z7uiiesxn625", "fields": {"session_data": "NjAzOGE0MDcyMTg2NjZkZDk0NTlkOWExMGMyZWFlOGZiOTBmMzlkNTp7fQ==", "expire_date": "2021-05-03T22:01:06.426Z"}}, {"model": "sessions.session", "pk": "s46nybcbtxl3l0ilc55r54s7vl25q41j", "fields": {"session_data": "NDAwZTRlZDZlY2ZjYTZjMGMxOTQwM2Q2NTA1ZmNmMjljNzhiNTljOTp7Il9hdXRoX3VzZXJfaWQiOiI3IiwiX2F1dGhfdXNlcl9iYWNrZW5kIjoiZGphbmdvLmNvbnRyaWIuYXV0aC5iYWNrZW5kcy5Nb2RlbEJhY2tlbmQiLCJfYXV0aF91c2VyX2hhc2giOiJlYWUzYWUxNTQyODFkZTJkNjY4YTNiZjNlNjNlNTg2NzBhNWEwY2QwIn0=", "expire_date": "2021-05-04T07:56:43.605Z"}}, {"model": "sessions.session", "pk": "simnh9uh26miizovx7ubafiogerodhjz", "fields": {"session_data": "NDAwZTRlZDZlY2ZjYTZjMGMxOTQwM2Q2NTA1ZmNmMjljNzhiNTljOTp7Il9hdXRoX3VzZXJfaWQiOiI3IiwiX2F1dGhfdXNlcl9iYWNrZW5kIjoiZGphbmdvLmNvbnRyaWIuYXV0aC5iYWNrZW5kcy5Nb2RlbEJhY2tlbmQiLCJfYXV0aF91c2VyX2hhc2giOiJlYWUzYWUxNTQyODFkZTJkNjY4YTNiZjNlNjNlNTg2NzBhNWEwY2QwIn0=", "expire_date": "2021-05-04T07:56:47.532Z"}}, {"model": "sessions.session", "pk": "swb4p3vhn6lorjzb98b8d3bmasf2f8ne", "fields": {"session_data": "NDAwZTRlZDZlY2ZjYTZjMGMxOTQwM2Q2NTA1ZmNmMjljNzhiNTljOTp7Il9hdXRoX3VzZXJfaWQiOiI3IiwiX2F1dGhfdXNlcl9iYWNrZW5kIjoiZGphbmdvLmNvbnRyaWIuYXV0aC5iYWNrZW5kcy5Nb2RlbEJhY2tlbmQiLCJfYXV0aF91c2VyX2hhc2giOiJlYWUzYWUxNTQyODFkZTJkNjY4YTNiZjNlNjNlNTg2NzBhNWEwY2QwIn0=", "expire_date": "2021-05-04T07:56:37.533Z"}}, {"model": "sessions.session", "pk": "thz9mokx5lm4iio1omd6ss3q980figp5", "fields": {"session_data": "NjAzOGE0MDcyMTg2NjZkZDk0NTlkOWExMGMyZWFlOGZiOTBmMzlkNTp7fQ==", "expire_date": "2021-05-03T22:02:43.015Z"}}, {"model": "sessions.session", "pk": "tmdz1k6kawtff86q6xz294p88ob1cknw", "fields": {"session_data": "NDAwZTRlZDZlY2ZjYTZjMGMxOTQwM2Q2NTA1ZmNmMjljNzhiNTljOTp7Il9hdXRoX3VzZXJfaWQiOiI3IiwiX2F1dGhfdXNlcl9iYWNrZW5kIjoiZGphbmdvLmNvbnRyaWIuYXV0aC5iYWNrZW5kcy5Nb2RlbEJhY2tlbmQiLCJfYXV0aF91c2VyX2hhc2giOiJlYWUzYWUxNTQyODFkZTJkNjY4YTNiZjNlNjNlNTg2NzBhNWEwY2QwIn0=", "expire_date": "2021-05-03T21:57:36.744Z"}}, {"model": "sessions.session", "pk": "tpdk3xozvnyhkflne9242thmhhihgcyy", "fields": {"session_data": "NjAzOGE0MDcyMTg2NjZkZDk0NTlkOWExMGMyZWFlOGZiOTBmMzlkNTp7fQ==", "expire_date": "2021-05-03T22:02:41.130Z"}}, {"model": "sessions.session", "pk": "tpll5yywpy3g22jqv9mhl9orqu1r06j2", "fields": {"session_data": "NDAwZTRlZDZlY2ZjYTZjMGMxOTQwM2Q2NTA1ZmNmMjljNzhiNTljOTp7Il9hdXRoX3VzZXJfaWQiOiI3IiwiX2F1dGhfdXNlcl9iYWNrZW5kIjoiZGphbmdvLmNvbnRyaWIuYXV0aC5iYWNrZW5kcy5Nb2RlbEJhY2tlbmQiLCJfYXV0aF91c2VyX2hhc2giOiJlYWUzYWUxNTQyODFkZTJkNjY4YTNiZjNlNjNlNTg2NzBhNWEwY2QwIn0=", "expire_date": "2021-05-03T22:09:04.533Z"}}, {"model": "sessions.session", "pk": "tqrrbgltrask5xpblvptc9flss4q4b83", "fields": {"session_data": "NDAwZTRlZDZlY2ZjYTZjMGMxOTQwM2Q2NTA1ZmNmMjljNzhiNTljOTp7Il9hdXRoX3VzZXJfaWQiOiI3IiwiX2F1dGhfdXNlcl9iYWNrZW5kIjoiZGphbmdvLmNvbnRyaWIuYXV0aC5iYWNrZW5kcy5Nb2RlbEJhY2tlbmQiLCJfYXV0aF91c2VyX2hhc2giOiJlYWUzYWUxNTQyODFkZTJkNjY4YTNiZjNlNjNlNTg2NzBhNWEwY2QwIn0=", "expire_date": "2021-05-04T07:56:41.878Z"}}, {"model": "sessions.session", "pk": "ts6norb6kfdondyzh27fa654zyaewbab", "fields": {"session_data": "NjAzOGE0MDcyMTg2NjZkZDk0NTlkOWExMGMyZWFlOGZiOTBmMzlkNTp7fQ==", "expire_date": "2021-05-03T22:06:52.111Z"}}, {"model": "sessions.session", "pk": "tsv4h0aknhsbyo9u9hwij47d8zksfztb", "fields": {"session_data": "NDAwZTRlZDZlY2ZjYTZjMGMxOTQwM2Q2NTA1ZmNmMjljNzhiNTljOTp7Il9hdXRoX3VzZXJfaWQiOiI3IiwiX2F1dGhfdXNlcl9iYWNrZW5kIjoiZGphbmdvLmNvbnRyaWIuYXV0aC5iYWNrZW5kcy5Nb2RlbEJhY2tlbmQiLCJfYXV0aF91c2VyX2hhc2giOiJlYWUzYWUxNTQyODFkZTJkNjY4YTNiZjNlNjNlNTg2NzBhNWEwY2QwIn0=", "expire_date": "2021-05-04T07:56:45.813Z"}}, {"model": "sessions.session", "pk": "ulmsseihec4z30cg7tlv2zh2il0txs7a", "fields": {"session_data": "NDAwZTRlZDZlY2ZjYTZjMGMxOTQwM2Q2NTA1ZmNmMjljNzhiNTljOTp7Il9hdXRoX3VzZXJfaWQiOiI3IiwiX2F1dGhfdXNlcl9iYWNrZW5kIjoiZGphbmdvLmNvbnRyaWIuYXV0aC5iYWNrZW5kcy5Nb2RlbEJhY2tlbmQiLCJfYXV0aF91c2VyX2hhc2giOiJlYWUzYWUxNTQyODFkZTJkNjY4YTNiZjNlNjNlNTg2NzBhNWEwY2QwIn0=", "expire_date": "2021-05-03T22:14:07.398Z"}}, {"model": "sessions.session", "pk": "uzvjjmrmqcr89u2pz0e4y6yqty45x3sd", "fields": {"session_data": "NDAwZTRlZDZlY2ZjYTZjMGMxOTQwM2Q2NTA1ZmNmMjljNzhiNTljOTp7Il9hdXRoX3VzZXJfaWQiOiI3IiwiX2F1dGhfdXNlcl9iYWNrZW5kIjoiZGphbmdvLmNvbnRyaWIuYXV0aC5iYWNrZW5kcy5Nb2RlbEJhY2tlbmQiLCJfYXV0aF91c2VyX2hhc2giOiJlYWUzYWUxNTQyODFkZTJkNjY4YTNiZjNlNjNlNTg2NzBhNWEwY2QwIn0=", "expire_date": "2021-05-04T07:56:43.010Z"}}, {"model": "sessions.session", "pk": "v5meyn6gvvjxsl86w5f991q3r9z5imux", "fields": {"session_data": "NDAwZTRlZDZlY2ZjYTZjMGMxOTQwM2Q2NTA1ZmNmMjljNzhiNTljOTp7Il9hdXRoX3VzZXJfaWQiOiI3IiwiX2F1dGhfdXNlcl9iYWNrZW5kIjoiZGphbmdvLmNvbnRyaWIuYXV0aC5iYWNrZW5kcy5Nb2RlbEJhY2tlbmQiLCJfYXV0aF91c2VyX2hhc2giOiJlYWUzYWUxNTQyODFkZTJkNjY4YTNiZjNlNjNlNTg2NzBhNWEwY2QwIn0=", "expire_date": "2021-05-04T07:56:38.120Z"}}, {"model": "sessions.session", "pk": "v8rucefota613z60xmjgoc4lvwby3b63", "fields": {"session_data": "NDAwZTRlZDZlY2ZjYTZjMGMxOTQwM2Q2NTA1ZmNmMjljNzhiNTljOTp7Il9hdXRoX3VzZXJfaWQiOiI3IiwiX2F1dGhfdXNlcl9iYWNrZW5kIjoiZGphbmdvLmNvbnRyaWIuYXV0aC5iYWNrZW5kcy5Nb2RlbEJhY2tlbmQiLCJfYXV0aF91c2VyX2hhc2giOiJlYWUzYWUxNTQyODFkZTJkNjY4YTNiZjNlNjNlNTg2NzBhNWEwY2QwIn0=", "expire_date": "2021-05-03T22:06:56.540Z"}}, {"model": "sessions.session", "pk": "v90k4w6uaasdo9aj9s3sowhcyenp8tzc", "fields": {"session_data": "NjAzOGE0MDcyMTg2NjZkZDk0NTlkOWExMGMyZWFlOGZiOTBmMzlkNTp7fQ==", "expire_date": "2021-05-03T22:06:50.502Z"}}, {"model": "sessions.session", "pk": "wcb5yj237d1oct6963vormohgmtgbsty", "fields": {"session_data": "NjAzOGE0MDcyMTg2NjZkZDk0NTlkOWExMGMyZWFlOGZiOTBmMzlkNTp7fQ==", "expire_date": "2021-05-03T22:04:08.540Z"}}, {"model": "sessions.session", "pk": "wckjr8kuvaafoh02bmqw6t9tkrg5qp7w", "fields": {"session_data": "NDAwZTRlZDZlY2ZjYTZjMGMxOTQwM2Q2NTA1ZmNmMjljNzhiNTljOTp7Il9hdXRoX3VzZXJfaWQiOiI3IiwiX2F1dGhfdXNlcl9iYWNrZW5kIjoiZGphbmdvLmNvbnRyaWIuYXV0aC5iYWNrZW5kcy5Nb2RlbEJhY2tlbmQiLCJfYXV0aF91c2VyX2hhc2giOiJlYWUzYWUxNTQyODFkZTJkNjY4YTNiZjNlNjNlNTg2NzBhNWEwY2QwIn0=", "expire_date": "2021-05-03T22:14:18.230Z"}}, {"model": "sessions.session", "pk": "wgdgep1ny0hb8x00kphl8icd1vym1ks5", "fields": {"session_data": "NjAzOGE0MDcyMTg2NjZkZDk0NTlkOWExMGMyZWFlOGZiOTBmMzlkNTp7fQ==", "expire_date": "2021-05-03T22:04:16.635Z"}}, {"model": "sessions.session", "pk": "x5mp26s6kbypx0d8uuvrmqft39woti40", "fields": {"session_data": "NDAwZTRlZDZlY2ZjYTZjMGMxOTQwM2Q2NTA1ZmNmMjljNzhiNTljOTp7Il9hdXRoX3VzZXJfaWQiOiI3IiwiX2F1dGhfdXNlcl9iYWNrZW5kIjoiZGphbmdvLmNvbnRyaWIuYXV0aC5iYWNrZW5kcy5Nb2RlbEJhY2tlbmQiLCJfYXV0aF91c2VyX2hhc2giOiJlYWUzYWUxNTQyODFkZTJkNjY4YTNiZjNlNjNlNTg2NzBhNWEwY2QwIn0=", "expire_date": "2021-05-03T22:02:46.639Z"}}, {"model": "sessions.session", "pk": "x98uma6fupm7mm48spq8q0ne7jze4rvl", "fields": {"session_data": "NDAwZTRlZDZlY2ZjYTZjMGMxOTQwM2Q2NTA1ZmNmMjljNzhiNTljOTp7Il9hdXRoX3VzZXJfaWQiOiI3IiwiX2F1dGhfdXNlcl9iYWNrZW5kIjoiZGphbmdvLmNvbnRyaWIuYXV0aC5iYWNrZW5kcy5Nb2RlbEJhY2tlbmQiLCJfYXV0aF91c2VyX2hhc2giOiJlYWUzYWUxNTQyODFkZTJkNjY4YTNiZjNlNjNlNTg2NzBhNWEwY2QwIn0=", "expire_date": "2021-05-03T22:09:05.171Z"}}, {"model": "sessions.session", "pk": "xeig3sovbay3cz5nv14o8rveznu85qom", "fields": {"session_data": "NDAwZTRlZDZlY2ZjYTZjMGMxOTQwM2Q2NTA1ZmNmMjljNzhiNTljOTp7Il9hdXRoX3VzZXJfaWQiOiI3IiwiX2F1dGhfdXNlcl9iYWNrZW5kIjoiZGphbmdvLmNvbnRyaWIuYXV0aC5iYWNrZW5kcy5Nb2RlbEJhY2tlbmQiLCJfYXV0aF91c2VyX2hhc2giOiJlYWUzYWUxNTQyODFkZTJkNjY4YTNiZjNlNjNlNTg2NzBhNWEwY2QwIn0=", "expire_date": "2021-05-03T22:07:17.055Z"}}, {"model": "sessions.session", "pk": "xktd93evws279n3y4qpu8zxf0z1qu0hg", "fields": {"session_data": "NjAzOGE0MDcyMTg2NjZkZDk0NTlkOWExMGMyZWFlOGZiOTBmMzlkNTp7fQ==", "expire_date": "2021-05-03T22:02:43.068Z"}}, {"model": "sessions.session", "pk": "xnx49apv692apmciis5l3ak8skz3oqlb", "fields": {"session_data": "NjAzOGE0MDcyMTg2NjZkZDk0NTlkOWExMGMyZWFlOGZiOTBmMzlkNTp7fQ==", "expire_date": "2021-05-03T22:04:15.175Z"}}, {"model": "sessions.session", "pk": "xp4uf3bntvm8cey3f1bhrmrods89q9g7", "fields": {"session_data": "NjAzOGE0MDcyMTg2NjZkZDk0NTlkOWExMGMyZWFlOGZiOTBmMzlkNTp7fQ==", "expire_date": "2021-05-03T22:01:09.768Z"}}, {"model": "sessions.session", "pk": "y5sgoeprwavbl84soqbxn3ae8qkllaro", "fields": {"session_data": "NDAwZTRlZDZlY2ZjYTZjMGMxOTQwM2Q2NTA1ZmNmMjljNzhiNTljOTp7Il9hdXRoX3VzZXJfaWQiOiI3IiwiX2F1dGhfdXNlcl9iYWNrZW5kIjoiZGphbmdvLmNvbnRyaWIuYXV0aC5iYWNrZW5kcy5Nb2RlbEJhY2tlbmQiLCJfYXV0aF91c2VyX2hhc2giOiJlYWUzYWUxNTQyODFkZTJkNjY4YTNiZjNlNjNlNTg2NzBhNWEwY2QwIn0=", "expire_date": "2021-05-03T22:09:02.481Z"}}, {"model": "sessions.session", "pk": "yc7m8ufkyna432antz4p3i5vaogl0skp", "fields": {"session_data": "NjAzOGE0MDcyMTg2NjZkZDk0NTlkOWExMGMyZWFlOGZiOTBmMzlkNTp7fQ==", "expire_date": "2021-05-03T22:02:43.108Z"}}, {"model": "sessions.session", "pk": "ydlfdqh6bxiv86584jqcmy7dnak9b8g3", "fields": {"session_data": "NDAwZTRlZDZlY2ZjYTZjMGMxOTQwM2Q2NTA1ZmNmMjljNzhiNTljOTp7Il9hdXRoX3VzZXJfaWQiOiI3IiwiX2F1dGhfdXNlcl9iYWNrZW5kIjoiZGphbmdvLmNvbnRyaWIuYXV0aC5iYWNrZW5kcy5Nb2RlbEJhY2tlbmQiLCJfYXV0aF91c2VyX2hhc2giOiJlYWUzYWUxNTQyODFkZTJkNjY4YTNiZjNlNjNlNTg2NzBhNWEwY2QwIn0=", "expire_date": "2021-05-04T07:56:40.187Z"}}, {"model": "sessions.session", "pk": "yy8v9vcus8xcn5mkol9175m2n43rbjb7", "fields": {"session_data": "NDAwZTRlZDZlY2ZjYTZjMGMxOTQwM2Q2NTA1ZmNmMjljNzhiNTljOTp7Il9hdXRoX3VzZXJfaWQiOiI3IiwiX2F1dGhfdXNlcl9iYWNrZW5kIjoiZGphbmdvLmNvbnRyaWIuYXV0aC5iYWNrZW5kcy5Nb2RlbEJhY2tlbmQiLCJfYXV0aF91c2VyX2hhc2giOiJlYWUzYWUxNTQyODFkZTJkNjY4YTNiZjNlNjNlNTg2NzBhNWEwY2QwIn0=", "expire_date": "2021-05-03T22:13:52.439Z"}}, {"model": "sessions.session", "pk": "z3q4roqljtmj4n6hn004erpmhtc25n37", "fields": {"session_data": "NjAzOGE0MDcyMTg2NjZkZDk0NTlkOWExMGMyZWFlOGZiOTBmMzlkNTp7fQ==", "expire_date": "2021-05-03T22:02:43.070Z"}}, {"model": "sessions.session", "pk": "zc8h1pljykdvmvnmm584rte1gqqinu6b", "fields": {"session_data": "NDAwZTRlZDZlY2ZjYTZjMGMxOTQwM2Q2NTA1ZmNmMjljNzhiNTljOTp7Il9hdXRoX3VzZXJfaWQiOiI3IiwiX2F1dGhfdXNlcl9iYWNrZW5kIjoiZGphbmdvLmNvbnRyaWIuYXV0aC5iYWNrZW5kcy5Nb2RlbEJhY2tlbmQiLCJfYXV0aF91c2VyX2hhc2giOiJlYWUzYWUxNTQyODFkZTJkNjY4YTNiZjNlNjNlNTg2NzBhNWEwY2QwIn0=", "expire_date": "2021-05-04T07:56:42.607Z"}}, {"model": "sessions.session", "pk": "zo0s11ks0tzbq9y9jco8c7qc6hkegprx", "fields": {"session_data": "NjAzOGE0MDcyMTg2NjZkZDk0NTlkOWExMGMyZWFlOGZiOTBmMzlkNTp7fQ==", "expire_date": "2021-05-03T22:07:02.603Z"}}, {"model": "sessions.session", "pk": "zt24ndy6gic2qqhopi97i49r7ix0w246", "fields": {"session_data": "NDAwZTRlZDZlY2ZjYTZjMGMxOTQwM2Q2NTA1ZmNmMjljNzhiNTljOTp7Il9hdXRoX3VzZXJfaWQiOiI3IiwiX2F1dGhfdXNlcl9iYWNrZW5kIjoiZGphbmdvLmNvbnRyaWIuYXV0aC5iYWNrZW5kcy5Nb2RlbEJhY2tlbmQiLCJfYXV0aF91c2VyX2hhc2giOiJlYWUzYWUxNTQyODFkZTJkNjY4YTNiZjNlNjNlNTg2NzBhNWEwY2QwIn0=", "expire_date": "2021-05-04T07:56:38.593Z"}}, {"model": "mainapp.productcategory", "pk": 4, "fields": {"name": "\u041e\u0434\u0435\u0436\u0434\u0430", "description": "\u0412\u0435\u0440\u0445\u043d\u044f\u044f \u043e\u0434\u0435\u0436\u0434\u0430 \u0432\u0441\u0435\u0445 \u0441\u0442\u0438\u043b\u0435\u0439 \u0438 \u0441\u0435\u0437\u043e\u043d\u043e\u0432"}}, {"model": "mainapp.productcategory", "pk": 5, "fields": {"name": "\u0410\u043a\u0441\u0435\u0441\u0441\u0443\u0430\u0440\u044b", "description": "\u0423\u043a\u0440\u0430\u0448\u0435\u043d\u0438\u044f \u0434\u043b\u044f \u043f\u043e\u0432\u0441\u0435\u0434\u043d\u0435\u0432\u043d\u043e\u0439 \u0436\u0438\u0437\u043d\u0438"}}, {"model": "mainapp.productcategory", "pk": 6, "fields": {"name": "\u041d\u043e\u0432\u0438\u043d\u043a\u0438", "description": "\u0421\u0430\u043c\u044b\u0435 \u0441\u0432\u0435\u0436\u0438\u0435 \u043f\u043e\u0441\u0442\u0443\u043f\u043b\u0435\u043d\u0438\u044f"}}, {"model": "mainapp.productcategory", "pk": 7, "fields": {"name": "\u041e\u0431\u0443\u0432\u044c", "description": "\u0421\u043f\u043e\u0440\u0442\u0438\u0432\u043d\u0430\u044f, \u043a\u043b\u0430\u0441\u0441\u0438\u0447\u0435\u0441\u043a\u0430\u044f \u0438 \u043b\u044e\u0431\u0430\u044f \u0434\u0440\u0443\u0433\u0430\u044f \u043e\u0431\u0443\u0432\u044c"}}, {"model": "mainapp.salespecial", "pk": 1, "fields": {"name": "Just Do IT", "description": "Yes you can!", "active": true}}, {"model": "mainapp.product", "pk": 1, "fields": {"name": "\u0425\u0443\u0434\u0438 \u0447\u0435\u0440\u043d\u043e\u0433\u043e \u0446\u0432\u0435\u0442\u0430 \u0441 \u043c\u043e\u043d\u043e\u0433\u0440\u0430\u043c\u043c\u0430\u043c\u0438 adidas Originals", "description": "", "short_description": "\u041c\u044f\u0433\u043a\u0430\u044f \u0442\u043a\u0430\u043d\u044c \u0434\u043b\u044f \u0441\u0432\u0438\u0442\u0448\u043e\u0442\u043e\u0432. \u0421\u0442\u0438\u043b\u044c \u0438 \u043a\u043e\u043c\u0444\u043e\u0440\u0442 \u2013 \u044d\u0442\u043e \u043e\u0431\u0440\u0430\u0437 \u0436\u0438\u0437\u043d\u0438.", "price": "6090.00", "img_linked": "products_images/Adidas-hoodie.png", "quantity": 89, "category": 4, "sale_action": null}}, {"model": "mainapp.product", "pk": 2, "fields": {"name": "\u0427\u0435\u0440\u043d\u044b\u0439 \u0440\u044e\u043a\u0437\u0430\u043a Nike Heritage", "description": "", "short_description": "\u041f\u043b\u043e\u0442\u043d\u0430\u044f \u0442\u043a\u0430\u043d\u044c. \u041b\u0435\u0433\u043a\u0438\u0439 \u043c\u0430\u0442\u0435\u0440\u0438\u0430\u043b.", "price": "2340.00", "img_linked": "products_images/Black-Nike-Heritage-backpack.png", "quantity": 96, "category": 5, "sale_action": 1}}, {"model": "mainapp.product", "pk": 3, "fields": {"name": "\u041a\u043e\u0440\u0438\u0447\u043d\u0435\u0432\u044b\u0439 \u0441\u043f\u043e\u0440\u0442\u0438\u0432\u043d\u044b\u0439 oversized-\u0442\u043e\u043f ASOS DESIGN", "description": "", "short_description": "\u041c\u0430\u0442\u0435\u0440\u0438\u0430\u043b \u0441 \u043f\u043b\u044e\u0448\u0435\u0432\u043e\u0439 \u0442\u0435\u043a\u0441\u0442\u0443\u0440\u043e\u0439. \u0423\u0434\u043e\u0431\u043d\u044b\u0439 \u0438 \u043c\u044f\u0433\u043a\u0438\u0439.", "price": "3390.00", "img_linked": "products_images/Brown-sports-oversized-top-ASOS-DESIGN.png", "quantity": 9, "category": 4, "sale_action": null}}, {"model": "mainapp.product", "pk": 4, "fields": {"name": "\u0421\u0438\u043d\u044f\u044f \u043a\u0443\u0440\u0442\u043a\u0430 The North Face", "description": "", "short_description": "\u0413\u043b\u0430\u0434\u043a\u0430\u044f \u0442\u043a\u0430\u043d\u044c. \u0412\u043e\u0434\u043e\u043d\u0435\u043f\u0440\u043e\u043d\u0438\u0446\u0430\u0435\u043c\u043e\u0435 \u043f\u043e\u043a\u0440\u044b\u0442\u0438\u0435. \u041b\u0435\u0433\u043a\u0438\u0439 \u0438 \u0442\u0435\u043f\u043b\u044b\u0439 \u043f\u0443\u0445\u043e\u0432\u044b\u0439 \u043d\u0430\u043f\u043e\u043b\u043d\u0438\u0442\u0435\u043b\u044c.", "price": "23725.00", "img_linked": "products_images/Blue-jacket-The-North-Face_jqWkUyw.png", "quantity": 2, "category": 4, "sale_action": null}}, {"model": "mainapp.product", "pk": 5, "fields": {"name": "\u0427\u0435\u0440\u043d\u044b\u0435 \u0442\u0443\u0444\u043b\u0438 \u043d\u0430 \u043f\u043b\u0430\u0442\u0444\u043e\u0440\u043c\u0435 \u0441 3 \u043f\u0430\u0440\u0430\u043c\u0438 \u043b\u044e\u0432\u0435\u0440\u0441\u043e\u0432 Dr Martens 1461 Bex", "description": "", "short_description": "\u0413\u043b\u0430\u0434\u043a\u0438\u0439 \u043a\u043e\u0436\u0430\u043d\u044b\u0439 \u0432\u0435\u0440\u0445. \u041d\u0430\u0442\u0443\u0440\u0430\u043b\u044c\u043d\u044b\u0439 \u043c\u0430\u0442\u0435\u0440\u0438\u0430\u043b.", "price": "13590.00", "img_linked": "products_images/Black-Dr-Martens-shoes.png", "quantity": 3, "category": 7, "sale_action": null}}, {"model": "mainapp.product", "pk": 6, "fields": {"name": "\u0422\u0435\u043c\u043d\u043e-\u0441\u0438\u043d\u0438\u0435 \u0448\u0438\u0440\u043e\u043a\u0438\u0435 \u0441\u0442\u0440\u043e\u0433\u0438\u0435 \u0431\u0440\u044e\u043a\u0438 ASOS DESIGN", "description": "", "short_description": "\u041b\u0435\u0433\u043a\u0430\u044f \u044d\u043b\u0430\u0441\u0442\u0438\u0447\u043d\u0430\u044f \u0442\u043a\u0430\u043d\u044c \u0441\u0438\u0440\u0441\u0430\u043a\u0435\u0440 \u0424\u0430\u043a\u0442\u0443\u0440\u043d\u0430\u044f \u0442\u043a\u0430\u043d\u044c.", "price": "2890.00", "img_linked": "products_images/Dark-blue-wide-leg-ASOs-DESIGN-trousers.png", "quantity": 1, "category": 4, "sale_action": null}}, {"model": "authapp.user", "pk": 1, "fields": {"password": "!zwzeJSQyORnBqv968VltYMIWpQkXPYVISDHHsXFX", "last_login": "2021-04-12T20:25:37.518Z", "is_superuser": false, "username": "agent_of_despair", "first_name": "\u0412\u043b\u0430\u0434", "last_name": "\u0411\u0430\u0431\u0443\u0448\u043a\u0438\u043d", "email": "Agentstorm@ya.ru", "is_staff": false, "is_active": true, "date_joined": "2021-04-12T20:25:37.351Z", "avatar": "", "birth_date": "1970-01-01", "age": 18, "activation_key": "", "activation_key_live_time": "2021-04-13T20:20:03.701Z", "groups": [], "user_permissions": []}}, {"model": "authapp.user", "pk": 2, "fields": {"password": "pbkdf2_sha256$150000$EexzVXq5gKFM$90qjsfPMT5xg4+tW2zxO+OG8CZkfMGhbPsnsXZ6TfyA=", "last_login": "2021-04-25T17:24:45.649Z", "is_superuser": true, "username": "godmode", "first_name": "", "last_name": "", "email": "", "is_staff": true, "is_active": true, "date_joined": "2021-04-14T21:28:48.395Z", "avatar": "", "birth_date": "1970-01-01", "age": 18, "activation_key": "", "activation_key_live_time": "2021-04-15T21:28:23.024Z", "groups": [], "user_permissions": []}}, {"model": "authapp.userprofile", "pk": 1, "fields": {"user": 1, "tagline": "", "about_myself": "", "gender": "M"}}, {"model": "authapp.userprofile", "pk": 2, "fields": {"user": 2, "tagline": "", "about_myself": "", "gender": "F"}}, {"model": "social_django.usersocialauth", "pk": 1, "fields": {"user": 1, "provider": "vk-oauth2", "uid": "15547685", "extra_data": "{\"auth_time\": 1618259137, \"id\": 15547685, \"expires\": 86400, \"access_token\": \"8ca59c7a44d74310796645d2c44b7a6eb7a6c277a4a0c4fd1961c89d6dac2436ba845a46810ba419da46a\", \"token_type\": null}", "created": "2021-04-12T20:25:37.502Z", "modified": "2021-04-12T20:25:37.504Z"}}, {"model": "ordersapp.order", "pk": 1, "fields": {"user": 1, "created_at": "2021-04-12T20:25:45.590Z", "updated_at": "2021-04-12T20:48:41.427Z", "status": "FM", "is_active": true}}, {"model": "ordersapp.order", "pk": 2, "fields": {"user": 2, "created_at": "2021-04-21T21:23:10.026Z", "updated_at": "2021-04-21T21:23:10.073Z", "status": "FM", "is_active": false}}, {"model": "ordersapp.order", "pk": 3, "fields": {"user": 2, "created_at": "2021-04-21T21:23:17.214Z", "updated_at": "2021-04-21T21:23:17.249Z", "status": "FM", "is_active": true}}, {"model": "ordersapp.order", "pk": 4, "fields": {"user": 2, "created_at": "2021-04-21T21:23:28.876Z", "updated_at": "2021-04-21T21:23:28.928Z", "status": "FM", "is_active": false}}, {"model": "ordersapp.order", "pk": 5, "fields": {"user": 2, "created_at": "2021-04-21T21:30:25.971Z", "updated_at": "2021-04-21T21:34:12.531Z", "status": "FM", "is_active": false}}, {"model": "ordersapp.order", "pk": 6, "fields": {"user": 2, "created_at": "2021-04-21T21:30:37.261Z", "updated_at": "2021-04-21T21:34:08.005Z", "status": "STP", "is_active": true}}, {"model": "ordersapp.order", "pk": 8, "fields": {"user": 2, "created_at": "2021-04-21T21:52:58.605Z", "updated_at": "2021-04-21T21:52:58.605Z", "status": "FM", "is_active": true}}, {"model": "ordersapp.order", "pk": 9, "fields": {"user": 2, "created_at": "2021-04-21T21:55:33.802Z", "updated_at": "2021-04-21T21:55:33.882Z", "status": "FM", "is_active": true}}, {"model": "ordersapp.order", "pk": 16, "fields": {"user": 2, "created_at": "2021-04-25T17:29:27.487Z", "updated_at": "2021-04-25T17:29:27.530Z", "status": "FM", "is_active": true}}, {"model": "ordersapp.order", "pk": 17, "fields": {"user": 2, "created_at": "2021-04-25T17:30:54.298Z", "updated_at": "2021-04-25T17:30:54.376Z", "status": "FM", "is_active": true}}, {"model": "ordersapp.orderitem", "pk": 1, "fields": {"order": 1, "product": 2, "quantity": 2}}, {"model": "ordersapp.orderitem", "pk": 4, "fields": {"order": 1, "product": 1, "quantity": 1}}, {"model": "ordersapp.orderitem", "pk": 5, "fields": {"order": 3, "product": 1, "quantity": 1}}, {"model": "ordersapp.orderitem", "pk": 6, "fields": {"order": 4, "product": 5, "quantity": 0}}, {"model": "ordersapp.orderitem", "pk": 7, "fields": {"order": 5, "product": 1, "quantity": 1}}, {"model": "ordersapp.orderitem", "pk": 8, "fields": {"order": 5, "product": 2, "quantity": 1}}, {"model": "ordersapp.orderitem", "pk": 9, "fields": {"order": 5, "product": 3, "quantity": 1}}, {"model": "ordersapp.orderitem", "pk": 10, "fields": {"order": 6, "product": 2, "quantity": 1}}, {"model": "ordersapp.orderitem", "pk": 12, "fields": {"order": 8, "product": 1, "quantity": 1}}, {"model": "ordersapp.orderitem", "pk": 13, "fields": {"order": 8, "product": 3, "quantity": 1}}, {"model": "ordersapp.orderitem", "pk": 14, "fields": {"order": 8, "product": 6, "quantity": 1}}, {"model": "ordersapp.orderitem", "pk": 15, "fields": {"order": 9, "product": 1, "quantity": 1}}, {"model": "ordersapp.orderitem", "pk": 16, "fields": {"order": 9, "product": 3, "quantity": 1}}, {"model": "ordersapp.orderitem", "pk": 17, "fields": {"order": 9, "product": 6, "quantity": 1}}, {"model": "ordersapp.orderitem", "pk": 29, "fields": {"order": 16, "product": 1, "quantity": 7}}, {"model": "ordersapp.orderitem", "pk": 30, "fields": {"order": 17, "product": 3, "quantity": 4}}, {"model": "ordersapp.orderitem", "pk": 31, "fields": {"order": 17, "product": 2, "quantity": 2}}, {"model": "ordersapp.orderitem", "pk": 32, "fields": {"order": 17, "product": 5, "quantity": 1}}]